Subject;IndAlpha_ReportedBefore;IndBeta_ReportedBefore;IndMu_ReportedBefore;SocAlpha_ReprotedBefore;SocBeta_ReportedBefore;SocMu_ReportedBefore;IndLL_ReportedBefore;SocLL_ReportedBefore;Agegroup;Sex;Age;OrderConditions;ResistanceToPeerInfluence;NeedForArousal;ARQ_Thrillseeking_Perception;ARQ_Rebellious_Perception;ARQ_Reckless_Perception;ARQ_Antisocial_Perception;ARQ_Thrillseeking_Behavior;ARQ_Rebellious_Behavior;ARQ_Reckless_Behavior;ARQ_Antisocial_Behavior;BISBAS_Drive;BISBAS_Funseeking;BISBAS_Reward;BISBAS_Bis;BIS11_Scale1;BIS11_Scale2;BIS11_Scale3;BIS11_Scale4;IRI_PerspectiveTaking;IQ_Plus;OthersFaceName;TryBestHowMuch;HowNiceTask;HowHardTask;HowMuchAttentiontoAmount;HowMuchAttentiontoAmbiguity;HowMuchAttentiontoRisk;HowMuchAttentiontoOther;GuessWhatsUnderAmbiguity1;GuessWhatsUnderAmbiguity2;GuessWhatsUnderAmbiguity3;Peer_Believe;Peer_Wise;Peer_Nice;Peer_Old;Peer_Smart;EducationallevelAdolescents;EducationallevelAdults;Occupation_mother;Occupation_father;School;VAR00001;Like_Sociometrics;Dislike_Sociometrics;Impact_Sociometrics;Pref_Sociometrics;ProbLike_Sociometrics;ProbDisl_Sociometrics;ProbImp_Sociometrics;ProbPref_Sociometrics;ZLike_Sociometrics;ZDislike_Sociometrics;ZImpact_Sociometrics;ZPref_Sociometrics;ZStatus_Sociometrics;PStat1_Sociometrics;GRDStat1_Sociometrics;NSymLike_Sociometrics;NSymDisl_Sociometrics
101;0.55;0.49;0.48;0.57;0.34;0.78;76.93;109.74;1;1;10.82;2;2.70;24.48;2;2;3;1;0;0;0;1;10.00;10.00;17.00;15.00;21;14;24;59;21;130.00;Jesse.jpg;9.00;9.00;2.00;1.00;6.00;6.00;1.00;2.00;1.00;3.00;0.00;0.00;3.00;2.00;0.00;#NULL!;#NULL!;Stichting Welzijn Ouderen;editor bij RTL;1.00;#NULL!;1;5;6;-4;0.04800;0.97370;0.53350;0.00710;-1.128;1.009;-0.013;-1.209;5;5;5;0;2
102;0.50;0.39;0.41;0.51;0.24;0.38;76.02;69.41;1;1;10.14;1;2.30;33.33;2;3;4;2;1;0;0;2;12.00;13.00;17.00;20.00;23;17;28;68;17;109.00;Jesse.jpg;9.00;9.00;9.00;9.00;9.00;9.00;9.00;2.00;3.00;2.00;4.00;9.00;4.00;3.00;1.00;#NULL!;#NULL!;Ze doet iets met apotheker;hij gaat naar klanten toe en helpt ze met dingen die over het gebit gaan;1.00;#NULL!;2;6;8;-4;0.15680;0.99380;0.84130;0.00710;-0.738;1.361;0.765;-1.209;5;5;5;2;1
104;0.39;1.00;0.44;0.57;0.57;1.37;76.84;138.82;1;0;11.02;1;2.00;54.82;3;3;4;3;1;0;0;2;9.00;13.00;18.00;16.00;21;14;29;64;18;97.00;Denise.jpg;4.00;3.00;5.00;0.00;2.00;1.00;2.00;2.00;2.00;3.00;1.00;3.00;6.00;3.00;4.00;#NULL!;#NULL!;Leo farma;ABN-amro;1.00;#NULL!;3;0;3;3;0.33850;0.16040;0.07680;0.69450;-0.349;-0.753;-1.181;0.261;3;2;2;3;0
106;0.60;-0.16;0.59;0.84;-0.44;0.68;83.46;59.30;1;0;10.04;1;3.40;44.27;2;3;3;3;1;0;0;1;10.00;11.00;16.00;22.00;17;15;26;58;23;118.00;Dewi.jpg;9.00;9.00;1.00;1.00;3.00;5.00;2.00;2.00;3.00;1.00;6.00;6.00;8.00;2.00;6.00;#NULL!;#NULL!;hypnose voor als je buikpijn hebt;danone;1.00;#NULL!;10;0;10;10;0.99860;0.13750;0.96330;0.99960;2.376;-0.753;1.543;1.730;1;1;1;5;0
107;0.65;0.74;1.14;0.51;0.38;0.98;116.82;131.99;1;0;10.92;2;2.90;52.47;2;0;1;1;1;0;0;1;11.00;9.00;16.00;16.00;22;20;30;72;15;127.00;Maud.jpg;4.00;3.00;0.00;0.00;0.00;0.00;5.00;3.00;2.00;2.00;0.00;0.00;7.00;1.00;4.00;#NULL!;#NULL!;ze werkt bij stern auto;loodgieter;1.00;#NULL!;5;0;5;5;0.74250;0.16740;0.34710;0.90520;0.430;-0.753;-0.402;0.680;2;2;2;3;0
108;0.56;0.50;0.61;0.64;0.37;0.90;92.53;87.34;1;1;10.36;1;2.50;56.90;3;3;4;3;2;0;0;2;8.00;10.00;14.00;20.00;20;15;23;58;20;88.00;Bram.jpg;9.00;8.00;5.00;5.00;6.00;8.00;6.00;2.00;2.00;3.00;2.00;4.00;8.00;2.00;6.00;#NULL!;#NULL!;wilde ganzen;ING;1.00;#NULL!;1;4;5;-3;0.04800;0.88530;0.31680;0.02810;-1.128;0.656;-0.402;-0.999;2;2;5;1;0
109;0.73;0.59;1.09;0.97;0.57;2.29;101.66;105.39;1;1;10.32;2;2.80;38.15;2;2;3;2;0;0;0;0;12.00;11.00;16.00;16.00;19;12;25;56;18;88.00;Bram.jpg;8.00;5.00;5.00;6.00;6.00;5.00;2.00;1.00;2.00;1.00;2.00;0.00;1.00;3.00;7.00;#NULL!;#NULL!;pabo;werkt met computers;1.00;#NULL!;6;1;7;5;0.87450;0.21020;0.67740;0.91330;0.819;-0.401;0.376;0.680;2;2;2;3;0
110;0.53;0.44;0.41;0.55;1.00;0.58;69.58;77.80;1;1;10.74;1;3.20;61.46;2;3;4;3;1;0;0;1;8.00;11.00;12.00;14.00;18;16;26;60;18;118.00;Andrew.jpg;9.00;8.00;4.00;3.00;9.00;6.00;0.00;1.00;1.00;2.00;1.00;2.00;7.00;3.00;5.00;#NULL!;#NULL!;;iets met computers;1.00;#NULL!;3;3;6;0;0.33850;0.75740;0.52670;0.23120;-0.349;0.304;-0.013;-0.369;2;2;2;3;1
111;0.42;-0.37;0.49;0.58;-0.63;0.48;106.01;73.24;1;0;10.00;2;2.90;49.35;2;3;3;2;1;0;0;1;10.00;11.00;13.00;17.00;21;18;29;68;20;109.00;Dide.jpg;5.00;5.00;0.00;5.00;4.00;6.00;1.00;2.00;2.00;2.00;3.00;0.00;3.00;2.00;2.00;#NULL!;#NULL!;juf;iets technisch;1.00;#NULL!;2;1;3;1;0.15250;0.22260;0.07020;0.38210;-0.738;-0.401;-1.181;-0.159;3;2;2;2;0
112;0.45;0.39;0.39;0.49;0.98;0.48;79.40;71.91;1;1;10.43;1;2.80;60.42;3;4;4;2;1;0;0;1;12.00;13.00;17.00;19.00;20;17;26;63;16;115.00;Nick.jpg;7.00;6.00;0.00;9.00;2.00;5.00;4.00;1.00;1.00;1.00;5.00;3.00;0.00;2.00;8.00;#NULL!;#NULL!;Ze werkt bij grootgoylant;Hij werkt bij een reclame bureau;1.00;#NULL!;2;3;5;-1;0.15680;0.74880;0.33460;0.12790;-0.738;0.304;-0.402;-0.579;2;2;2;2;1
114;0.49;0.00;0.37;0.40;-0.14;0.44;73.27;103.72;1;0;10.71;1;3.80;45.96;2;4;3;3;1;0;0;2;11.00;12.00;17.00;23.00;26;19;28;73;19;94.00;Victoria.j;6.00;2.00;3.00;7.00;4.00;5.00;6.00;2.00;3.00;2.00;5.00;4.00;4.00;2.00;4.00;#NULL!;#NULL!;ze werkt op kantoor bij een bejaardentehuis;bij werkt bij nike;1.00;#NULL!;3;0;3;3;0.33160;0.14810;0.07020;0.69780;-0.349;-0.753;-1.181;0.261;3;2;2;2;0
115;0.37;0.01;0.28;0.32;0.06;0.26;75.46;75.08;1;0;10.16;2;0.00;39.45;2;3;4;4;1;0;0;1;9.00;11.00;17.00;20.00;23;14;30;67;21;91.00;Kiki.jpg;2.00;5.00;0.00;0.00;4.00;7.00;0.00;3.00;2.00;1.00;0.00;7.00;4.00;3.00;2.00;#NULL!;#NULL!;;De Rabobank beveiligen;1.00;#NULL!;10;1;11;9;0.99860;0.22260;0.98810;0.99830;2.376;-0.401;1.932;1.520;1;1;1;5;0
117;0.88;0.63;0.86;0.78;0.20;0.68;63.66;62.35;1;1;10.56;2;2.00;57.81;3;3;3;3;2;1;0;1;10.00;12.00;15.00;18.00;20;16;27;63;17;112.00;Mark.jpg;8.00;7.00;8.00;7.00;9.00;8.00;5.00;3.00;2.00;2.00;5.00;6.00;7.00;2.00;6.00;#NULL!;#NULL!;vicedirecteur;;1.00;#NULL!;1;2;3;-1;0.04800;0.48130;0.07020;0.13610;-1.128;-0.049;-1.181;-0.579;3;2;3;1;0
118;0.52;0.14;0.44;0.57;0.22;0.70;78.77;102.30;1;1;10.72;1;2.50;78.26;1;3;3;1;2;0;0;1;10.00;13.00;17.00;15.00;25;14;22;61;21;106.00;Jesse.jpg;8.00;6.00;3.00;4.00;5.00;4.00;0.00;2.00;1.00;3.00;1.00;2.00;4.00;3.00;3.00;#NULL!;#NULL!;verzuimcošrdinator;keukens verkopen;1.00;#NULL!;2;2;4;0;0.15680;0.52140;0.18690;0.22590;-0.738;-0.049;-0.792;-0.369;2;2;2;1;2
119;0.63;-0.01;0.63;0.69;-0.38;0.49;83.68;58.86;1;1;10.57;2;2.50;39.06;1;3;3;1;1;0;0;1;12.00;11.00;18.00;27.00;19;16;26;61;20;109.00;Bram.jpg;8.00;5.00;6.00;7.00;0.00;8.00;0.00;2.00;2.00;1.00;0.00;2.00;4.00;3.00;1.00;#NULL!;#NULL!;geen werk;weet ik niet;1.00;#NULL!;7;0;7;7;0.94810;0.16040;0.70200;0.98320;1.208;-0.753;0.376;1.100;1;2;2;3;0
120;0.19;0.27;0.49;0.10;-0.04;0.41;120.83;118.89;1;0;10.81;1;1.80;68.45;2;4;3;2;1;0;0;1;11.00;13.00;16.00;20.00;24;19;34;77;20;88.00;Dide.jpg;9.00;9.00;7.00;9.00;8.00;7.00;7.00;3.00;1.00;2.00;4.00;9.00;9.00;1.00;9.00;#NULL!;#NULL!;werken in haar winkel;loodgieter;1.00;#NULL!;6;0;6;6;0.87450;0.13750;0.49950;0.96080;0.819;-0.753;-0.013;0.890;2;2;2;4;0
122;0.51;0.62;0.29;0.52;0.59;0.29;46.73;46.97;1;1;10.51;1;3.00;47.40;1;3;3;2;1;0;0;0;10.00;10.00;16.00;20.00;16;18;18;52;27;109.00;Jesse.jpg;9.00;9.00;3.00;5.00;8.00;5.00;1.00;1.00;2.00;2.00;2.00;3.00;5.00;2.00;4.00;#NULL!;#NULL!;communicatie adviseur;bank;1.00;#NULL!;5;0;5;5;0.74250;0.15400;0.33460;0.90860;0.430;-0.753;-0.402;0.680;2;2;2;3;0
123;0.66;0.35;0.80;1.04;-0.06;1.41;93.54;69.31;1;1;10.59;2;2.70;54.43;3;4;4;3;1;1;0;1;11.00;14.00;19.00;17.00;19;13;22;54;22;103.00;Luuk.jpg;8.00;6.00;5.00;9.00;7.00;9.00;8.00;2.00;1.00;2.00;5.00;6.00;6.00;3.00;6.00;#NULL!;#NULL!;leraar en iemand die iets ondertitelt;bij de gemeente? stiefvader heeft een bedrijf;1.00;#NULL!;5;1;6;4;0.74250;0.22260;0.51300;0.82630;0.430;-0.401;-0.013;0.471;2;2;2;3;0
124;0.58;0.64;0.61;0.43;0.22;0.38;86.08;85.73;1;1;10.93;1;3.50;39.84;2;4;4;3;1;0;0;0;9.00;12.00;19.00;16.00;20;16;18;54;20;112.00;Joost.jpg;9.00;9.00;3.00;7.00;6.00;8.00;4.00;3.00;3.00;3.00;7.00;5.00;5.00;2.00;4.00;#NULL!;#NULL!;ze werkt op een school;hij werkt bij de bank;1.00;#NULL!;7;1;8;6;0.94810;0.21020;0.81890;0.96080;1.208;-0.401;0.765;0.890;2;2;2;4;0
125;0.87;0.28;1.70;1.17;0.62;3.25;103.31;96.08;1;0;10.83;2;1.60;36.46;2;4;4;3;2;0;0;0;5.00;13.00;14.00;21.00;15;20;14;49;30;100.00;Jasmijn.jp;9.00;9.00;4.00;9.00;9.00;9.00;9.00;2.00;3.00;1.00;9.00;7.00;9.00;2.00;8.00;#NULL!;#NULL!;bulbby;vacuvita;1.00;#NULL!;6;1;7;5;0.87450;0.22930;0.69590;0.90860;0.819;-0.401;0.376;0.680;2;2;2;5;0
126;0.45;0.29;0.58;0.48;0.18;0.34;109.48;68.55;1;0;11.27;1;3.60;65.48;1;2;2;1;2;0;0;2;15.00;10.00;16.00;16.00;19;15;30;64;19;97.00;Dide.jpg;9.00;7.00;5.00;9.00;6.00;7.00;7.00;3.00;3.00;2.00;5.00;5.00;3.00;2.00;5.00;#NULL!;#NULL!;;;1.00;#NULL!;6;0;6;6;0.87450;0.14810;0.51300;0.95930;0.819;-0.753;-0.013;0.890;2;2;2;4;0
127;0.56;0.44;0.56;0.60;0.38;0.81;88.78;106.24;1;0;10.31;2;0.00;63.67;2;3;4;3;1;0;0;1;10.00;14.00;15.00;13.00;22;18;33;73;14;97.00;Denise.jpg;5.00;9.00;3.00;6.00;6.00;6.00;5.00;2.00;3.00;3.00;1.00;2.00;4.00;3.00;2.00;#NULL!;#NULL!;Ze werkt bij stip (kinderdagverblijf);hij maakt websites voor apple en andere bedrijven;1.00;#NULL!;3;2;5;1;0.33850;0.52140;0.34710;0.36950;-0.349;-0.049;-0.402;-0.159;2;2;2;2;1
129;0.10;-0.04;0.14;0.10;0.99;0.22;34.36;47.78;1;0;10.79;2;2.50;36.98;3;3;4;3;1;0;0;2;7.00;7.00;19.00;22.00;21;20;30;71;20;100.00;Floor.jpg;2.00;5.00;0.00;7.00;0.00;8.00;4.00;2.00;3.00;1.00;0.00;5.00;6.00;2.00;7.00;#NULL!;#NULL!;baas van kinderdagverblijf;hij repareert dingen voor mensen;1.00;#NULL!;3;0;3;3;0.33850;0.16740;0.07920;0.69000;-0.349;-0.753;-1.181;0.261;3;2;2;3;0
132;0.68;0.53;0.57;0.55;0.35;0.37;67.08;61.35;1;1;11.93;1;3.00;59.24;2;3;3;3;1;0;0;2;9.00;14.00;17.00;17.00;23;15;22;60;13;97.00;Jesse.jpg;9.00;9.00;7.00;7.00;5.00;7.00;6.00;1.00;2.00;1.00;5.00;5.00;1.00;1.00;0.00;#NULL!;#NULL!;secretaresse;hij werkt bij shell;1.00;#NULL!;4;0;4;4;0.83150;0.10480;0.30490;0.95520;0.817;-0.925;-0.482;1.017;1;2;2;2;0
133;0.46;0.87;0.44;0.58;0.85;0.34;71.88;42.42;1;0;11.00;2;3.60;42.45;2;2;3;2;2;0;0;1;7.00;11.00;20.00;20.00;17;13;24;54;21;97.00;Victoria.j;7.00;6.00;4.00;5.00;7.00;6.00;4.00;1.00;2.00;1.00;4.00;4.00;5.00;3.00;4.00;#NULL!;#NULL!;ze doet een studie in fysiotherapie;?;1.00;#NULL!;3;1;4;2;0.62450;0.17330;0.29720;0.78540;0.210;-0.555;-0.482;0.488;2;2;2;2;0
134;0.56;1.00;0.55;0.48;0.88;0.40;72.31;64.40;1;0;11.76;1;3.60;61.59;2;3;3;2;2;0;0;1;7.00;11.00;13.00;24.00;17;10;21;48;26;109.00;Jasmijn.jp;9.00;9.00;2.00;1.00;3.00;4.00;0.00;1.00;1.00;2.00;3.00;3.00;8.00;1.00;5.00;#NULL!;#NULL!;researchonderzoekster;danone research man;1.00;#NULL!;5;1;6;4;0.93910;0.17330;0.72020;0.95520;1.424;-0.555;0.353;1.017;1;2;2;2;0
135;0.68;0.26;0.73;0.77;0.42;0.97;83.42;87.33;1;1;11.94;2;2.70;55.08;1;3;2;1;2;0;0;1;11.00;11.00;17.00;16.00;17;10;23;50;23;103.00;Bas.jpg;9.00;9.00;5.00;9.00;7.00;8.00;4.00;1.00;2.00;1.00;6.00;5.00;7.00;2.00;6.00;#NULL!;#NULL!;ze werkt bij de bank;hij maakt reclame's;1.00;#NULL!;3;1;4;2;0.63490;0.16710;0.29720;0.79550;0.210;-0.555;-0.482;0.488;2;2;2;2;1
136;0.34;0.14;0.44;0.40;-0.11;0.56;108.68;119.40;1;0;11.72;1;2.10;65.36;1;2;3;1;2;0;0;2;14.00;7.00;12.00;13.00;22;27;32;81;16;97.00;Victoria.j;9.00;8.00;0.00;9.00;6.00;7.00;1.00;2.00;2.00;3.00;6.00;6.00;8.00;2.00;4.00;#NULL!;#NULL!;ze geeft les in mode;stom Ikea werk, ps. daardoor verhuizen wij naar Zweden;1.00;#NULL!;3;3;6;0;0.63490;0.67630;0.72020;0.47200;0.210;0.185;0.353;-0.041;2;2;2;3;2
139;0.40;0.40;0.38;0.37;0.46;0.30;84.07;66.20;1;0;11.02;2;2.70;44.40;2;3;3;1;1;0;0;1;9.00;11.00;16.00;22.00;22;16;27;65;21;106.00;Floor.jpg;9.00;8.00;5.00;3.00;8.00;6.00;3.00;1.00;2.00;2.00;2.00;5.00;4.00;2.00;3.00;#NULL!;#NULL!;ICT;;1.00;#NULL!;3;1;4;2;0.63490;0.17330;0.30490;0.79140;0.210;-0.555;-0.482;0.488;2;2;2;2;0
140;0.61;1.00;0.45;0.59;0.89;0.43;52.23;54.51;1;1;11.41;1;3.00;31.77;1;4;3;2;2;0;0;1;10.00;12.00;17.00;18.00;19;13;23;55;21;103.00;Jesse.jpg;7.00;8.00;0.00;5.00;7.00;0.00;0.00;1.00;2.00;1.00;0.00;0.00;2.00;2.00;0.00;#NULL!;#NULL!;Technische dingen;;1.00;#NULL!;0;5;5;-5;0.08660;0.95290;0.51690;0.01100;-1.610;0.925;-0.064;-1.363;5;5;5;0;2
141;1.22;0.49;0.70;1.09;-0.28;0.93;16.84;49.03;1;1;11.33;2;2.10;39.97;2;3;4;2;1;0;0;1;10.00;12.00;15.00;20.00;20;14;32;66;18;94.00;Joost.jpg;7.00;7.00;3.00;8.00;6.00;8.00;5.00;2.00;1.00;3.00;8.00;6.00;6.00;2.00;6.00;#NULL!;#NULL!;;;1.00;#NULL!;1;8;9;-7;0.14980;0.99960;0.98590;0.00070;-1.004;2.036;1.606;-1.892;5;5;5;1;3
142;0.23;0.96;0.10;0.29;0.18;0.10;14.21;16.96;1;1;10.78;1;3.20;35.03;2;3;3;3;2;0;0;1;12.00;11.00;18.00;15.00;21;16;19;56;22;118.00;Mark.jpg;8.00;9.00;4.00;6.00;8.00;4.00;0.00;1.00;2.00;2.00;1.00;2.00;1.00;3.00;0.00;#NULL!;#NULL!;nee;Bij ISS als in de meeren;1.00;#NULL!;3;4;7;-1;0.63490;0.85980;0.86850;0.30460;0.210;0.555;0.771;-0.305;2;2;2;2;2
143;0.92;0.22;0.76;1.23;0.47;1.33;50.21;41.77;1;0;11.59;2;2.40;48.20;2;3;4;2;1;0;0;1;12.00;14.00;18.00;18.00;19;18;31;68;21;88.00;Victoria.j;8.00;8.00;5.00;6.00;5.00;7.00;1.00;2.00;3.00;2.00;4.00;4.00;5.00;2.00;4.00;#NULL!;#NULL!;tandartsassistente;fysiotherapeut;1.00;#NULL!;4;0;4;4;0.83150;0.09520;0.28980;0.95720;0.817;-0.925;-0.482;1.017;1;2;2;3;0
144;0.50;-0.22;0.33;0.79;0.20;0.49;62.66;42.97;1;0;11.21;1;3.30;54.04;2;3;3;2;1;0;0;1;8.00;13.00;20.00;21.00;24;15;25;64;21;136.00;Maud.jpg;7.00;7.00;0.00;7.00;7.00;7.00;6.00;2.00;2.00;2.00;3.00;5.00;4.00;2.00;4.00;#NULL!;#NULL!;ze is bioloog en werkt bij natuurmonumenten;werkt bij Alan Turing Institute;1.00;#NULL!;4;4;8;0;0.83150;0.85980;0.95100;0.47200;0.817;0.555;1.188;-0.041;4;2;2;3;1
148;0.45;-0.16;0.15;0.50;-0.10;0.28;33.18;53.33;1;1;11.53;1;2.50;54.95;2;2;2;1;1;0;1;1;8.00;10.00;15.00;16.00;20;12;30;62;18;88.00;Rick.jpg;9.00;7.00;5.00;7.00;9.00;9.00;1.00;2.00;2.00;2.00;1.00;1.00;2.00;2.00;1.00;#NULL!;#NULL!;werkt bij wasserij de gooische vaart in het kantoor;baas van wasserij de gooische vaart;1.00;#NULL!;3;1;4;2;0.63490;0.16120;0.28980;0.79940;0.210;-0.555;-0.482;0.488;2;2;2;3;0
149;0.39;0.35;0.27;0.43;0.25;0.31;63.13;70.23;1;0;11.15;2;3.00;61.20;2;4;4;3;2;0;0;0;13.00;14.00;20.00;23.00;24;20;26;70;22;103.00;Ymke.jpg;9.00;8.00;4.00;9.00;6.00;6.00;0.00;2.00;1.00;2.00;0.00;0.00;5.00;1.00;1.00;#NULL!;#NULL!;mijn moeder heeft geen beroep, eerst was zij geschiedenis lerares op het ARHC roland Holst;Advocate bij Deloitte;1.00;#NULL!;2;2;4;0;0.37740;0.41790;0.30490;0.47200;-0.397;-0.185;-0.482;-0.041;2;2;2;2;1
155;0.58;0.24;0.59;0.81;0.46;0.59;87.57;51.57;1;0;11.48;2;2.10;30.21;1;3;4;2;1;0;0;1;10.00;8.00;17.00;24.00;24;26;32;82;19;103.00;Dewi.jpg;8.00;8.00;4.00;7.00;4.00;5.00;6.00;2.00;2.00;1.00;6.00;7.00;4.00;1.00;4.00;#NULL!;#NULL!;staples;?;1.00;#NULL!;3;5;8;-2;0.63490;0.95290;0.95100;0.17030;0.210;0.925;1.188;-0.570;4;4;4;3;2
201;0.59;0.48;0.63;0.60;0.38;0.44;89.30;65.06;2;1;14.76;2;2.60;62.37;2;3;3;2;1;1;0;1;9.00;11.00;12.00;13.00;17;11;25;53;20;91.00;Joep.jpg;8.00;4.00;1.00;5.00;1.00;7.00;4.00;1.00;2.00;2.00;7.00;2.00;5.00;2.00;6.00;2;#NULL!;overblijf juffrouw;brandweerman;2.00;#NULL!;5;0;5;5;0.81020;0.20340;0.44790;0.92750;0.903;-0.842;-0.251;0.982;2;2;2;3;0
202;0.56;0.56;0.47;0.55;0.92;0.54;73.01;74.57;2;1;14.17;1;2.40;44.01;2;2;3;2;1;0;0;1;13.00;12.00;14.00;19.00;26;14;32;72;18;91.00;Florian.jp;7.00;5.00;3.00;8.00;9.00;6.00;1.00;1.00;1.00;2.00;3.00;2.00;0.00;2.00;3.00;2;#NULL!;-;advocaat;2.00;#NULL!;4;0;4;4;0.63520;0.20340;0.26050;0.84890;0.286;-0.842;-0.753;0.696;2;2;2;4;0
203;0.30;-0.29;0.10;0.29;-0.31;0.11;23.39;38.09;2;0;14.77;2;3.50;10.68;2;3;4;2;1;0;0;2;10.00;9.00;18.00;24.00;17;20;26;63;21;127.00;Lotte.jpg;7.00;5.00;1.00;5.00;8.00;5.00;2.00;1.00;1.00;3.00;4.00;4.00;5.00;3.00;4.00;2;#NULL!;manager van een sportschool;personal trainer;2.00;#NULL!;4;5;9;-1;0.63520;0.98160;0.96010;0.12970;0.286;1.301;1.758;-0.737;4;4;4;3;3
204;0.50;0.33;0.46;0.49;0.26;0.45;83.65;86.12;2;1;15.46;1;2.80;46.09;2;3;4;3;1;1;0;1;10.00;11.00;12.00;20.00;22;21;24;67;18;88.00;Joep.jpg;3.00;3.00;5.00;7.00;5.00;3.00;0.00;3.00;2.00;2.00;1.00;0.00;0.00;1.00;0.00;2;#NULL!;-;ondernemer;2.00;#NULL!;3;5;8;-2;0.41390;0.98290;0.90470;0.05550;-0.330;1.301;1.256;-1.023;5;5;5;3;1
205;0.45;0.67;0.25;0.39;1.00;0.24;42.82;40.20;2;0;15.59;2;3.00;65.49;1;2;2;1;0;1;1;2;12.00;12.00;17.00;25.00;25;20;27;72;25;106.00;Irene.jpg;8.00;4.00;3.00;6.00;3.00;7.00;0.00;1.00;1.00;1.00;4.00;5.00;7.00;2.00;6.00;2;#NULL!;-;jurist;2.00;#NULL!;1;7;8;-6;0.06740;0.99920;0.89470;0.00050;-1.564;2.158;1.256;-2.169;5;5;5;1;0
206;0.44;0.27;0.41;0.46;0.23;0.37;87.18;77.02;2;0;15.10;1;3.30;43.62;2;2;3;2;1;0;0;1;12.00;10.00;17.00;21.00;21;17;21;59;17;97.00;Irene.jpg;6.00;6.00;2.00;2.00;3.00;2.00;1.00;3.00;2.00;3.00;6.00;2.00;4.00;1.00;5.00;2;#NULL!;eigen bedrijf in placemats ontwerpen;ik weet niet hoe ik het uit moet leggen;2.00;#NULL!;5;1;6;4;0.80400;0.24960;0.60540;0.85530;0.903;-0.413;0.251;0.696;2;2;2;4;0
207;0.50;0.19;0.26;0.50;-0.20;0.32;48.54;61.37;2;1;14.63;2;3.00;48.18;1;2;2;1;1;1;0;2;14.00;13.00;20.00;14.00;23;12;32;67;18;109.00;Jos.jpg;6.00;7.00;3.00;8.00;0.00;7.00;0.00;3.00;2.00;2.00;0.00;3.00;1.00;2.00;0.00;2;#NULL!;mode ontwerper;eigenaar kledingwinkels;2.00;#NULL!;3;0;3;3;0.41390;0.19450;0.11580;0.73110;-0.330;-0.842;-1.256;0.409;3;2;2;3;0
209;0.56;0.31;0.43;0.58;0.36;0.44;70.27;68.06;2;0;14.99;2;3.70;58.33;2;2;2;2;2;0;0;3;12.00;12.00;17.00;20.00;28;18;30;76;22;70.00;Moniek.jpg;8.00;2.00;2.00;4.00;8.00;5.00;0.00;2.00;2.00;2.00;2.00;2.00;1.00;1.00;4.00;2;#NULL!;-;opzichter;2.00;#NULL!;2;0;2;2;0.20520;0.17900;0.03570;0.58520;-0.947;-0.842;-1.758;0.123;3;3;2;2;0
211;0.30;1.00;0.13;0.27;1.00;0.14;21.22;22.68;2;0;15.46;2;2.90;57.81;2;3;4;2;1;0;0;2;11.00;10.00;16.00;21.00;18;13;24;55;19;106.00;Kim.jpg;8.00;7.00;0.00;5.00;7.00;5.00;3.00;1.00;2.00;1.00;6.00;4.00;6.00;2.00;6.00;2;#NULL!;klanteserves bij pension bedrijf;administratie;2.00;#NULL!;5;1;6;4;0.81020;0.24250;0.60540;0.86190;0.903;-0.413;0.251;0.696;2;2;2;4;0
213;0.51;-0.26;0.41;0.54;0.24;0.35;74.66;58.87;2;1;14.93;2;3.20;58.72;2;2;2;1;2;0;0;1;12.00;10.00;16.00;18.00;23;20;29;72;18;97.00;Wouter.jpg;8.00;6.00;5.00;5.00;4.00;6.00;6.00;3.00;3.00;2.00;3.00;3.00;1.00;3.00;2.00;2;#NULL!;voetreflextherapie en bakker;ondernemer;2.00;#NULL!;2;1;3;1;0.20520;0.25710;0.10900;0.41470;-0.947;-0.413;-1.256;-0.164;3;2;2;1;0
214;0.74;0.14;0.91;0.66;0.20;0.84;87.09;96.62;2;0;14.05;1;3.30;40.38;2;3;4;3;1;0;0;1;14.00;10.00;18.00;20.00;20;14;27;61;23;100.00;Louise.jpg;7.00;6.00;3.00;5.00;5.00;6.00;3.00;2.00;2.00;2.00;6.00;6.00;6.00;2.00;6.00;2;#NULL!;revalidatie arts;iets bij shell;2.00;#NULL!;3;2;5;1;0.40580;0.52060;0.40480;0.42150;-0.330;0.015;-0.251;-0.164;2;2;2;2;0
218;0.42;0.03;0.28;0.42;0.55;0.22;66.67;41.25;2;1;14.64;1;3.00;41.63;1;3;3;2;1;0;0;1;11.00;10.00;13.00;17.00;17;16;27;60;21;106.00;Derk.jpg;8.00;7.00;0.00;1.00;5.00;6.00;2.00;2.00;2.00;2.00;7.00;4.00;5.00;3.00;5.00;2;#NULL!;Jgz;adviseur;2.00;#NULL!;4;0;4;4;0.63520;0.17900;0.24290;0.85690;0.286;-0.842;-0.753;0.696;2;2;2;4;0
219;0.45;0.87;0.54;0.18;0.82;0.34;89.06;81.62;2;1;14.37;2;3.00;44.69;2;3;3;3;1;0;0;1;10.00;11.00;14.00;14.00;20;12;21;53;22;97.00;Christiaan;5.00;6.00;1.00;4.00;7.00;6.00;5.00;3.00;2.00;3.00;5.00;2.00;5.00;2.00;5.00;2;#NULL!;adviseur;iets met school;2.00;#NULL!;5;0;5;5;0.81020;0.20340;0.44790;0.92750;0.903;-0.842;-0.251;0.982;2;2;2;3;0
220;0.52;0.53;0.33;0.56;0.59;0.24;55.99;35.62;2;0;14.56;1;0.00;34.75;2;3;3;2;2;1;0;1;13.00;12.00;20.00;26.00;22;15;25;62;23;100.00;Kelly.jpg;8.00;5.00;3.00;9.00;7.00;7.00;3.00;2.00;1.00;1.00;6.00;4.00;8.00;2.00;6.00;2;#NULL!;informatie bij KPN;Kunstenaar;2.00;#NULL!;2;1;3;1;0.20520;0.24960;0.10590;0.42110;-0.947;-0.413;-1.256;-0.164;3;2;2;2;0
221;0.88;0.62;1.78;1.12;0.31;2.04;107.73;76.90;2;1;14.71;2;3.30;58.63;1;2;3;2;1;1;0;2;13.00;12.00;19.00;21.00;17;17;20;54;18;118.00;Jos.jpg;0.00;6.00;1.00;7.00;5.00;3.00;1.00;1.00;1.00;1.00;7.00;6.00;1.00;3.00;1.00;2;#NULL!;;Directeur ID college;2.00;#NULL!;4;1;5;3;0.63520;0.28220;0.44790;0.72660;0.286;-0.413;-0.251;0.409;2;2;2;3;0
222;0.47;0.41;0.39;0.47;0.24;0.40;76.08;81.03;2;0;15.84;1;3.20;50.38;2;3;3;1;1;2;0;1;11.00;11.00;17.00;19.00;24;19;26;69;25;112.00;Kelly.jpg;8.00;7.00;2.00;3.00;7.00;9.00;2.00;1.00;1.00;2.00;5.00;3.00;7.00;1.00;6.00;2;#NULL!;;werkt bij Revalidatiecentrum;2.00;#NULL!;3;6;9;-3;0.41390;0.99470;0.95470;0.02620;-0.330;1.730;1.758;-1.310;5;5;5;1;0
224;1.15;0.44;10.00;1.25;0.85;10.00;136.95;130.82;2;0;14.43;1;3.00;55.08;2;3;4;1;1;0;0;2;12.00;11.00;19.00;20.00;25;14;31;70;24;91.00;Amber.jpg;3.00;4.00;0.00;5.00;4.00;0.00;0.00;1.00;2.00;3.00;7.00;1.00;0.00;2.00;6.00;2;#NULL!;juf;?;2.00;#NULL!;6;1;7;5;0.91400;0.26500;0.78330;0.92760;1.520;-0.413;0.753;0.982;2;2;2;3;1
227;0.38;0.30;0.26;0.34;0.44;0.23;63.21;50.76;2;1;14.57;2;3.20;48.57;2;2;3;2;1;0;0;2;11.00;10.00;16.00;22.00;22;19;29;70;16;100.00;Christiaan;6.00;3.00;2.00;6.00;4.00;5.00;1.00;2.00;1.00;2.00;4.00;6.00;4.00;2.00;5.00;2;#NULL!;yoga lerarres;iets in de reclame;2.00;#NULL!;4;1;5;3;0.63520;0.28220;0.44790;0.72660;0.286;-0.413;-0.251;0.409;2;2;2;4;0
228;0.59;0.42;0.50;0.57;0.90;0.29;74.78;35.93;2;1;15.18;1;3.00;22.27;2;3;3;2;1;1;0;0;11.00;10.00;19.00;23.00;18;19;27;64;24;100.00;Sjoerd.jpg;6.00;6.00;3.00;7.00;6.00;9.00;0.00;1.00;1.00;2.00;5.00;3.00;3.00;2.00;3.00;2;#NULL!;boekhouding;postbode;2.00;#NULL!;0;5;5;-5;0.03240;0.97410;0.41170;0.00260;-2.181;1.301;-0.251;-1.883;5;5;5;0;0
229;0.52;0.20;0.41;0.57;0.10;0.23;73.20;38.97;2;0;14.28;2;3.20;46.88;1;2;2;1;2;0;0;1;9.00;11.00;17.00;18.00;18;15;25;58;22;103.00;Irene.jpg;6.00;6.00;3.00;5.00;7.00;6.00;4.00;2.00;1.00;3.00;3.00;3.00;5.00;2.00;4.00;3;#NULL!;doet de administratie bij een ontwerp bureau;fysiotherapeut;2.00;#NULL!;7;0;7;7;0.94740;0.34000;0.81270;0.97550;1.616;-0.853;1.073;1.434;1;2;2;5;0
230;0.52;-0.11;0.35;0.66;0.25;0.58;63.97;73.82;2;0;14.44;1;2.50;67.50;1;3;4;2;1;0;0;1;10.00;9.00;14.00;18.00;16;21;23;60;19;112.00;Jill.jpg;5.00;2.00;3.00;6.00;7.00;6.00;1.00;3.00;2.00;2.00;2.00;3.00;2.00;3.00;1.00;3;#NULL!;directeur van een school;manager;2.00;#NULL!;5;0;5;5;0.73350;0.37090;0.48060;0.85920;0.553;-0.853;-0.146;0.776;2;2;2;3;0
231;0.50;0.48;0.28;0.59;0.61;0.36;49.26;51.87;2;1;14.36;2;3.80;61.63;1;1;3;0;1;0;0;1;9.00;9.00;16.00;17.00;20;15;27;62;19;100.00;Jos.jpg;9.00;4.00;1.00;6.00;4.00;4.00;0.00;1.00;1.00;1.00;2.00;3.00;5.00;3.00;3.00;3;#NULL!;;marreschaussee;2.00;#NULL!;4;0;4;4;0.53830;0.34000;0.27250;0.74630;0.021;-0.853;-0.756;0.447;2;2;2;3;0
232;0.42;0.30;0.57;0.63;0.43;0.84;112.31;102.43;2;0;15.26;1;3.00;82.63;2;1;2;1;1;2;0;2;12.00;13.00;13.00;18.00;27;21;34;82;17;79.00;Jill.jpg;5.00;1.00;2.00;1.00;8.00;7.00;5.00;2.00;2.00;2.00;5.00;4.00;5.00;3.00;5.00;3;#NULL!;verpleegster;ict accounted manager;2.00;#NULL!;3;6;9;-3;0.32290;0.99980;0.97360;0.00290;-0.510;3.025;2.293;-1.855;5;5;5;2;1
233;0.62;0.73;0.45;0.51;0.51;0.37;58.68;64.55;2;1;14.48;2;3.00;29.63;2;3;3;3;1;0;0;1;7.00;9.00;13.00;24.00;23;21;28;72;22;76.00;Michel.jpg;8.00;7.00;2.00;7.00;8.00;9.00;4.00;1.00;2.00;1.00;4.00;4.00;8.00;2.00;6.00;3;#NULL!;Hulp in het huishouden bij mensen die het niet het zelf meer kunnen doen.;Hij werkt bij het ministerie van ecomomische zaken.;2.00;#NULL!;3;1;4;2;0.32290;0.42160;0.27920;0.40130;-0.510;-0.207;-0.756;-0.211;2;2;2;3;0
234;0.92;0.82;0.41;1.04;0.90;0.59;26.65;24.80;2;1;14.93;1;3.40;37.00;1;2;3;2;1;0;0;1;11.00;9.00;14.00;16.00;26;20;27;73;19;121.00;Florian.jp;8.00;8.00;2.00;9.00;9.00;9.00;0.00;1.00;1.00;1.00;0.00;3.00;2.00;1.00;3.00;3;#NULL!;;;2.00;#NULL!;3;3;6;0;0.32290;0.92200;0.67320;0.11490;-0.510;1.086;0.463;-0.868;2;2;2;1;0
235;0.41;0.23;0.21;0.48;0.38;0.20;50.02;38.19;2;0;14.46;2;2.40;38.63;2;3;4;1;2;1;0;2;8.00;9.00;17.00;19.00;16;16;23;55;23;109.00;Kelly.jpg;7.00;5.00;3.00;2.00;4.00;2.00;4.00;2.00;2.00;2.00;2.00;2.00;3.00;1.00;1.00;3;#NULL!;;;2.00;#NULL!;5;0;5;5;0.73350;0.35480;0.47210;0.86200;0.553;-0.853;-0.146;0.776;2;2;2;5;0
236;0.32;-0.01;0.10;0.28;-0.09;0.11;26.84;36.50;2;1;14.93;1;3.40;47.25;2;3;3;2;1;0;0;1;9.00;12.00;17.00;14.00;19;15;22;56;20;127.00;David.jpg;7.00;8.00;5.00;7.00;3.00;4.00;0.00;2.00;1.00;2.00;3.00;3.00;6.00;2.00;4.00;3;#NULL!;;;2.00;#NULL!;3;3;6;0;0.32290;0.91500;0.66530;0.12020;-0.510;1.086;0.463;-0.868;2;2;2;2;0
237;0.54;0.37;0.42;0.57;0.06;0.38;72.11;61.77;2;0;15.35;2;3.20;58.13;3;3;4;2;1;0;0;1;13.00;12.00;18.00;19.00;25;17;28;70;24;109.00;Isa.jpg;4.00;5.00;1.00;7.00;6.00;7.00;1.00;2.00;2.00;1.00;4.00;5.00;7.00;3.00;6.00;3;#NULL!;financi‘le dingen;patent, octrooibureau;2.00;#NULL!;4;0;4;4;0.53830;0.34000;0.27250;0.74630;0.021;-0.853;-0.756;0.447;2;2;2;3;0
238;0.72;0.63;0.92;0.78;0.47;1.29;93.99;103.53;2;0;15.04;1;3.10;43.38;1;3;3;2;1;0;0;2;15.00;13.00;20.00;19.00;22;17;19;58;21;127.00;Kelly.jpg;5.00;0.00;5.00;0.00;5.00;9.00;0.00;2.00;2.00;2.00;7.00;8.00;4.00;1.00;8.00;3;#NULL!;juf;ingineur;2.00;#NULL!;2;0;2;2;0.14560;0.38860;0.04820;0.38590;-1.042;-0.853;-1.975;-0.211;3;3;2;2;0
239;0.28;0.85;0.26;0.32;1.00;0.30;54.01;57.75;2;0;14.93;2;3.40;29.38;1;3;3;1;1;0;0;1;11.00;10.00;14.00;28.00;17;13;23;53;18;103.00;Irene.jpg;8.00;7.00;7.00;5.00;7.00;5.00;6.00;1.00;2.00;2.00;3.00;4.00;5.00;2.00;4.00;3;#NULL!;werkt in de plplitiek in het franse bestuur in Nederland;Werkt in Europees bedrijf,;2.00;#NULL!;0;3;3;-3;0.01860;0.93950;0.14380;0.00320;-2.105;1.086;-1.366;-1.855;5;2;5;0;1
240;0.41;0.47;0.24;0.45;0.50;0.20;48.74;37.02;2;0;14.81;1;3.40;55.25;2;2;3;1;2;1;2;1;10.00;9.00;14.00;16.00;18;15;30;63;19;100.00;Irene.jpg;6.00;4.00;1.00;2.00;4.00;6.00;1.00;1.00;2.00;1.00;2.00;0.00;2.00;2.00;2.00;3;#NULL!;huisvrouw;reclasseringswerker;2.00;#NULL!;6;1;7;5;0.87070;0.43490;0.82450;0.85920;1.084;-0.207;1.073;0.776;2;2;2;4;0
241;0.41;0.43;0.22;0.37;0.45;0.10;45.76;11.16;2;1;13.49;2;3.10;34.38;1;3;3;2;1;0;0;1;10.00;12.00;17.00;22.00;26;21;29;76;18;103.00;David.jpg;7.00;4.00;2.00;5.00;5.00;3.00;0.00;1.00;2.00;1.00;1.00;2.00;6.00;3.00;4.00;3;#NULL!;;;2.00;#NULL!;5;2;7;3;0.73350;0.73490;0.81870;0.58010;0.553;0.440;1.073;0.118;4;2;2;2;0
242;0.36;0.19;0.27;0.47;0.46;0.36;71.14;69.18;2;0;14.28;1;3.20;63.50;0;2;2;1;1;0;0;2;8.00;15.00;17.00;17.00;27;19;29;75;21;103.00;Moniek.jpg;7.00;4.00;1.00;6.00;7.00;6.00;5.00;1.00;3.00;2.00;2.00;3.00;7.00;1.00;4.00;3;#NULL!;in de marketing;;2.00;#NULL!;3;2;4;1;0.32290;0.72180;0.27250;0.24630;-0.510;0.440;-0.756;-0.540;2;2;2;2;0
245;0.98;0.71;1.22;1.25;0.72;1.85;70.43;57.67;2;0;14.32;2;2.90;46.63;1;2;3;1;1;1;0;1;13.00;12.00;18.00;18.00;17;16;27;60;24;112.00;Moniek.jpg;5.00;3.00;2.00;9.00;7.00;8.00;0.00;1.00;3.00;2.00;4.00;2.00;4.00;1.00;4.00;3;#NULL!;;Iets met verzekeringen;2.00;#NULL!;4;0;4;4;0.53830;0.38860;0.29340;0.73190;0.021;-0.853;-0.756;0.447;2;2;2;2;0
246;0.72;0.74;0.35;0.67;0.69;0.35;34.33;40.88;2;1;14.53;1;3.30;68.75;1;2;4;1;2;0;0;2;12.00;15.00;16.00;14.00;20;11;28;59;24;91.00;Sjoerd.jpg;9.00;7.00;2.00;0.00;9.00;6.00;0.00;1.00;1.00;1.00;8.00;4.00;5.00;3.00;4.00;3;#NULL!;directeur van een basisschool;gym docent;2.00;#NULL!;6;0;6;6;0.87070;0.35480;0.66530;0.93650;1.084;-0.853;0.463;1.105;1;2;2;2;0
247;0.39;0.10;0.27;0.47;0.35;0.36;67.94;72.77;2;0;14.76;2;2.90;50.13;2;3;3;1;1;0;0;2;14.00;11.00;15.00;18.00;21;13;20;54;17;103.00;Lotte.jpg;8.00;4.00;0.00;2.00;6.00;9.00;3.00;2.00;3.00;2.00;5.00;5.00;4.00;2.00;4.00;3;#NULL!;praktijk coach;iets met milieu bij de gemeente;2.00;#NULL!;8;0;8;8;0.98090;0.35480;0.91330;0.99100;2.147;-0.853;1.683;1.763;1;1;1;4;0
249;0.34;0.58;0.20;0.44;0.73;0.19;40.55;31.47;2;1;13.32;2;2.50;47.38;2;2;3;1;1;0;0;1;7.00;9.00;14.00;17.00;21;13;26;60;20;115.00;Sjoerd.jpg;9.00;7.00;6.00;7.00;9.00;8.00;5.00;1.00;1.00;2.00;2.00;3.00;5.00;3.00;2.00;3;#NULL!;ze werkt bij het CBS;;2.00;#NULL!;1;3;4;-2;0.04310;0.90740;0.27250;0.01840;-1.573;1.086;-0.756;-1.526;5;2;5;1;0
250;0.47;0.47;0.47;0.53;0.50;0.37;88.34;63.12;2;1;14.11;1;2.00;73.00;1;2;3;1;1;0;0;2;14.00;14.00;19.00;21.00;22;17;30;69;22;100.00;Joep.jpg;8.00;6.00;2.00;7.00;1.00;8.00;1.00;2.00;2.00;2.00;0.00;2.00;0.00;1.00;0.00;3;#NULL!;;algemeen directeur albert heijn;2.00;#NULL!;4;2;6;2;0.53830;0.78580;0.69610;0.37010;0.021;0.440;0.463;-0.211;2;2;2;4;0
251;0.52;0.48;0.37;0.47;0.55;0.25;64.64;44.55;2;0;14.16;2;3.10;32.00;1;3;4;2;0;0;0;0;8.00;9.00;15.00;21.00;19;14;28;61;20;118.00;Kim.jpg;8.00;4.00;0.00;2.00;0.00;2.00;0.00;1.00;2.00;2.00;0.00;0.00;3.00;3.00;2.00;3;#NULL!;leraar;technicus;2.00;#NULL!;3;1;4;2;0.28600;0.40900;0.24200;0.37500;-0.510;-0.207;-0.756;-0.211;2;2;2;0;0
301;0.76;0.84;0.52;0.87;0.93;0.41;47.08;28.95;3;1;17.24;2;3.00;60.25;1;2;3;1;1;1;0;1;11.00;10.00;14.00;15.00;24;18;33;75;20;139.00;Rutger.jpg;6.00;8.00;3.00;4.00;7.00;6.00;1.00;1.00;1.00;2.00;3.00;2.00;4.00;3.00;3.00;4;#NULL!;;planningsmanager;3.00;#NULL!;5;2;7;3;0.65730;0.48060;0.60590;0.63710;0.320;-0.084;0.230;0.259;2;2;2;3;0
304;0.56;0.36;0.31;0.63;0.45;0.41;49.78;54.58;3;1;18.23;1;3.90;60.38;1;1;2;1;1;4;1;2;12.00;12.00;16.00;10.00;23;15;26;64;22;85.00;Adam.jpg;7.00;6.00;4.00;2.00;5.00;5.00;3.00;1.00;1.00;1.00;3.00;3.00;5.00;1.00;4.00;4;#NULL!;;Timmerman;3.00;#NULL!;3;0;3;3;0.26970;0.14580;0.04970;0.64510;-0.533;-1.087;-1.348;0.259;3;3;2;3;0
306;0.86;0.71;0.37;0.64;0.43;0.42;29.78;54.92;3;1;17.39;1;2.90;49.63;0;0;1;1;1;4;1;3;#NULL!;#NULL!;#NULL!;#NULL!;9;18;72;99;#NULL!;106.00;Rutger.jpg;9.00;2.00;0.00;9.00;0.00;9.00;0.00;1.00;1.00;1.00;1.00;2.00;2.00;3.00;1.00;4;#NULL!;me moeder werkt in apotheek ze verkoopt pillen en ze doet pilatus lessen en masseren;die werkt bij schiphol beetje vergadere;3.00;#NULL!;6;5;11;1;0.82940;0.96100;0.98130;0.35400;0.746;1.422;1.808;-0.306;4;4;4;4;0
307;0.59;0.32;0.52;0.60;0.55;0.43;76.99;61.62;3;1;18.34;2;3.00;46.63;1;1;3;2;1;3;1;2;15.00;14.00;18.00;17.00;24;14;34;72;15;109.00;Rens.jpg;7.00;5.00;3.00;3.00;6.00;5.00;1.00;2.00;2.00;1.00;3.00;5.00;5.00;1.00;4.00;4;#NULL!;Secretarieel medewerker Jeugdgezondheidszorg;;3.00;#NULL!;10;1;11;9;0.99760;0.21370;0.98330;0.99710;2.452;-0.585;1.808;1.955;1;1;1;5;0
309;1.30;0.04;1.54;#NULL!;#NULL!;#NULL!;32.87;#NULL!;3;1;17.96;#NULL!;4.00;57.13;0;2;1;1;1;1;0;1;13.00;14.00;15.00;18.00;22;15;27;64;11;97.00;;#NULL!;#NULL!;#NULL!;#NULL!;#NULL!;#NULL!;#NULL!;#NULL!;#NULL!;#NULL!;#NULL!;#NULL!;#NULL!;#NULL!;#NULL!;4;#NULL!;;;3.00;#NULL!;5;6;11;-1;0.67470;0.99120;0.98230;0.11550;0.320;1.924;1.808;-0.872;4;4;4;3;0
310;0.42;0.31;0.28;0.45;0.34;0.30;63.76;62.89;3;1;18.86;1;2.90;54.13;1;2;3;2;1;1;1;1;12.00;11.00;16.00;17.00;22;14;28;64;23;100.00;Arend.jpg;8.00;8.00;8.00;7.00;5.00;7.00;0.00;1.00;1.00;2.00;3.00;3.00;5.00;3.00;5.00;4;#NULL!;;;3.00;#NULL!;7;0;7;7;0.92430;0.16200;0.64580;0.97380;1.173;-1.087;0.230;1.390;1;2;2;5;0
311;0.44;0.25;0.26;0.45;0.37;0.20;56.76;40.93;3;1;18.93;2;3.30;47.75;2;4;3;3;2;1;1;0;12.00;9.00;18.00;13.00;18;10;21;49;23;97.00;ut.jpg;9.00;7.00;0.00;0.00;5.00;0.00;0.00;2.00;1.00;1.00;3.00;0.00;7.00;1.00;3.00;4;#NULL!;Administratie medewerker, Verpleegster;Handelaar, directeur van verschillende bedrijven;3.00;#NULL!;4;5;9;-1;0.47350;0.97460;0.90160;0.09850;-0.107;1.422;1.019;-0.872;2;5;5;3;2
314;0.57;0.00;0.64;0.63;-0.55;0.35;93.91;50.45;3;0;18.66;1;2.60;55.75;3;2;3;2;1;2;2;3;12.00;8.00;8.00;6.00;28;18;31;77;19;82.00;Feline.jpg;7.00;6.00;0.00;8.00;8.00;9.00;0.00;3.00;2.00;3.00;7.00;5.00;5.00;3.00;7.00;4;#NULL!;Bejaarden verzorgen;Vliegtuig inspecteur KLM;3.00;#NULL!;4;3;7;1;0.47350;0.72250;0.61400;0.34710;-0.107;0.418;0.230;-0.306;2;2;2;4;0
315;0.49;0.22;0.32;0.42;0.26;0.23;62.34;52.56;3;1;17.45;2;2.20;53.63;2;2;3;2;1;3;2;1;13.00;12.00;15.00;19.00;17;11;21;49;18;103.00;ut.jpg;7.00;5.00;4.00;3.00;4.00;6.00;0.00;2.00;2.00;1.00;3.00;3.00;4.00;1.00;2.00;4;#NULL!;administratief medewerkster;vrachtwagen chaffeur;3.00;#NULL!;4;5;9;-1;0.47350;0.97010;0.89430;0.10670;-0.107;1.422;1.019;-0.872;2;5;5;3;2
316;0.49;0.57;0.26;0.62;0.89;0.53;43.34;64.67;3;1;18.43;1;2.80;62.00;2;2;4;2;1;2;0;1;13.00;10.00;18.00;8.00;15;9;17;41;20;109.00;Rutger.jpg;8.00;5.00;2.00;0.00;8.00;0.00;0.00;1.00;1.00;1.00;5.00;4.00;3.00;3.00;4.00;4;#NULL!;Koninklijke Marechaussee;Supervisor Schipholgroep;3.00;#NULL!;8;0;8;8;0.97170;0.16200;0.79840;0.99030;1.599;-1.087;0.625;1.673;1;1;1;4;0
317;0.61;0.10;0.42;0.63;-0.16;0.41;60.94;54.53;3;0;17.65;2;3.70;49.63;2;3;3;2;1;2;1;2;9.00;14.00;19.00;15.00;26;11;22;59;27;100.00;Feline.jpg;7.00;5.00;0.00;0.00;7.00;0.00;0.00;2.00;2.00;2.00;5.00;5.00;7.00;2.00;4.00;4;#NULL!;onderwijs assistent;calculator;3.00;#NULL!;4;1;5;3;0.47350;0.22170;0.26660;0.64510;-0.107;-0.585;-0.559;0.259;2;2;2;3;1
318;0.40;0.39;0.32;0.42;0.31;0.23;72.52;51.39;3;1;17.96;1;3.60;51.88;1;1;2;1;1;2;1;2;13.00;14.00;19.00;16.00;22;17;30;69;19;112.00;Rens.jpg;9.00;6.00;2.00;3.00;1.00;3.00;0.00;1.00;2.00;2.00;2.00;2.00;6.00;2.00;2.00;4;#NULL!;;;3.00;#NULL!;6;1;7;5;0.82940;0.23940;0.64580;0.87340;0.746;-0.585;0.230;0.824;2;2;2;4;0
319;0.45;0.24;0.32;0.39;-0.06;0.21;68.04;54.65;3;0;18.07;2;3.20;56.63;2;2;4;2;1;2;1;1;13.00;10.00;16.00;19.00;21;20;35;76;16;97.00;Lynn.jpg;8.00;2.00;3.00;2.00;6.00;1.00;1.00;3.00;2.00;2.00;5.00;5.00;5.00;2.00;5.00;4;#NULL!;;service monteur;3.00;#NULL!;5;0;5;5;0.67470;0.12680;0.24730;0.88570;0.320;-1.087;-0.559;0.824;2;2;2;4;0
321;0.68;1.00;6.91;0.60;-0.52;3.77;162.69;158.12;3;0;18.62;2;2.40;39.88;3;4;4;3;0;0;0;1;14.00;11.00;17.00;24.00;19;16;25;60;26;91.00;Feline.jpg;6.00;8.00;8.00;7.00;7.00;4.00;7.00;2.00;3.00;2.00;7.00;7.00;6.00;1.00;6.00;4;#NULL!;Huisvrouw;Machine Operator;3.00;#NULL!;5;0;5;5;0.67470;0.13250;0.25350;0.88350;0.320;-1.087;-0.559;0.824;2;2;2;1;0
322;0.61;0.52;0.26;0.63;0.48;0.31;37.21;42.51;3;1;18.38;1;3.30;47.75;2;2;3;1;1;2;1;1;10.00;14.00;17.00;20.00;22;18;28;68;20;100.00;Rens.jpg;8.00;4.00;1.00;3.00;8.00;7.00;0.00;1.00;2.00;2.00;1.00;2.00;7.00;1.00;3.00;4;#NULL!;;ontwerpt boten (vrachtschepen);3.00;#NULL!;5;0;5;5;0.67470;0.14580;0.26660;0.87860;0.320;-1.087;-0.559;0.824;2;2;2;3;0
323;0.35;0.51;0.16;0.47;0.48;0.27;32.52;50.67;3;1;18.87;2;3.70;34.38;2;3;4;3;1;0;0;0;10.00;10.00;14.00;16.00;23;16;28;67;23;100.00;Rens.jpg;8.00;5.00;4.00;4.00;4.00;5.00;4.00;1.00;1.00;1.00;3.00;4.00;3.00;1.00;4.00;4;#NULL!;;;3.00;#NULL!;6;3;9;3;0.82940;0.73350;0.89030;0.65080;0.746;0.418;1.019;0.259;4;2;2;4;1
324;0.46;0.78;0.40;0.50;0.58;0.25;68.20;41.37;3;1;17.37;1;3.60;35.00;1;2;3;2;0;0;0;0;9.00;10.00;17.00;18.00;20;17;33;70;17;112.00;Rens.jpg;7.00;7.00;0.00;4.00;7.00;8.00;0.00;2.00;1.00;2.00;3.00;3.00;5.00;2.00;3.00;4;#NULL!;administratief medewerkster;grafisch ontwerper;3.00;#NULL!;0;4;4;-4;0.01310;0.88740;0.12240;0.00770;-1.812;0.920;-0.953;-1.720;5;2;5;0;0
328;0.28;-0.07;0.18;0.26;-0.09;0.10;58.72;30.31;3;0;19.00;1;#NULL!;#NULL!;#NULL!;#NULL!;#NULL!;#NULL!;#NULL!;#NULL!;#NULL!;#NULL!;#NULL!;#NULL!;#NULL!;#NULL!;9;18;72;99;#NULL!;#NULL!;Rowa.jpg;4.00;3.00;0.00;0.00;6.00;5.00;1.00;2.00;2.00;2.00;4.00;3.00;7.00;3.00;7.00;#NULL!;#NULL!;;;#NULL!;#NULL!;#NULL!;#NULL!;#NULL!;#NULL!;#NULL!;#NULL!;#NULL!;#NULL!;#NULL!;#NULL!;#NULL!;#NULL!;#NULL!;#NULL!;#NULL!;#NULL!;#NULL!
338;0.40;0.37;0.21;0.42;0.63;0.18;46.88;32.56;3;0;19.00;1;#NULL!;#NULL!;#NULL!;#NULL!;#NULL!;#NULL!;#NULL!;#NULL!;#NULL!;#NULL!;#NULL!;#NULL!;#NULL!;#NULL!;9;18;72;99;#NULL!;#NULL!;Hester.jpg;8.00;3.00;2.00;4.00;4.00;4.00;1.00;3.00;1.00;1.00;4.00;1.00;7.00;3.00;5.00;#NULL!;#NULL!;;;#NULL!;#NULL!;#NULL!;#NULL!;#NULL!;#NULL!;#NULL!;#NULL!;#NULL!;#NULL!;#NULL!;#NULL!;#NULL!;#NULL!;#NULL!;#NULL!;#NULL!;#NULL!;#NULL!
352;1.03;0.38;1.46;1.19;0.59;1.39;72.78;49.99;3;1;18.12;1;2.40;66.63;2;1;3;1;1;3;2;3;12.00;11.00;15.00;20.00;29;19;28;76;17;91.00;Marvin.jpg;5.00;1.00;0.00;0.00;5.00;4.00;0.00;1.00;2.00;1.00;3.00;3.00;5.00;3.00;2.00;4;#NULL!;Thuiszorg;Defensie;4.00;#NULL!;6;4;10;2;0.88990;0.78030;0.95550;0.65090;0.932;0.362;1.135;0.166;4;2;2;5;0
355;1.17;0.44;1.00;1.13;0.46;1.30;33.91;52.58;3;1;19.32;2;3.70;72.38;2;2;3;2;1;3;2;2;13.00;13.00;15.00;14.00;25;18;31;74;18;79.00;Marvin.jpg;8.00;6.00;1.00;9.00;1.00;5.00;1.00;2.00;2.00;2.00;9.00;7.00;9.00;2.00;9.00;4;#NULL!;Verpleegkundige;ingenieur;4.00;#NULL!;6;0;6;6;0.88990;0.05950;0.37040;0.97500;0.932;-0.783;-0.213;0.953;2;2;2;5;0
356;0.63;0.43;0.41;0.74;0.49;0.52;56.33;52.78;3;0;19.26;1;2.50;67.88;2;2;2;1;0;3;1;2;10.00;11.00;13.00;17.00;33;22;36;91;17;103.00;Judith.jpg;9.00;5.00;0.00;2.00;7.00;2.00;0.00;1.00;2.00;2.00;7.00;5.00;4.00;2.00;6.00;4;#NULL!;;;4.00;#NULL!;4;3;7;1;0.55440;0.62190;0.61530;0.46480;0.047;0.075;0.124;-0.031;2;2;2;3;2
358;1.60;0.94;10.00;1.12;-0.13;8.50;105.48;126.68;3;1;19.07;1;3.40;47.88;2;2;3;2;1;3;1;2;11.00;13.00;17.00;21.00;20;18;24;62;23;109.00;Adam.jpg;6.00;6.00;1.00;7.00;3.00;9.00;1.00;3.00;2.00;3.00;5.00;5.00;8.00;2.00;5.00;4;#NULL!;Hoofd opleiding zorg instelling pieter van foreest;administratief medewerker apotheek Haagsche ziekenhuizen;4.00;#NULL!;6;0;6;6;0.88990;0.05950;0.37040;0.97500;0.932;-0.783;-0.213;0.953;2;2;2;5;0
359;0.45;0.37;0.44;0.51;0.45;0.49;88.17;86.74;3;0;18.86;2;3.40;55.25;2;3;3;2;1;1;0;1;12.00;14.00;20.00;22.00;21;13;24;58;22;88.00;Iris.jpg;7.00;8.00;4.00;4.00;7.00;5.00;4.00;1.00;2.00;2.00;4.00;4.00;4.00;2.00;3.00;4;#NULL!;docent;ICT;4.00;#NULL!;4;0;4;4;0.55440;0.06320;0.08890;0.87550;0.047;-0.783;-0.887;0.559;2;2;2;1;0
360;0.56;-0.29;0.41;0.71;-0.36;0.53;66.68;59.83;3;1;18.29;1;2.90;60.50;2;1;3;1;1;2;2;2;13.00;12.00;18.00;17.00;23;19;31;73;22;82.00;Marvin.jpg;8.00;4.00;2.00;2.00;9.00;3.00;1.00;1.00;1.00;2.00;7.00;7.00;6.00;3.00;6.00;4;#NULL!;Politie;Politie;4.00;#NULL!;8;0;8;8;0.98840;0.07230;0.77960;0.99700;1.818;-0.783;0.461;1.347;1;1;1;5;0
361;0.11;0.97;0.10;0.10;0.98;0.11;11.67;15.44;3;0;19.92;2;3.00;62.50;1;2;3;0;1;3;1;3;12.00;12.00;17.00;20.00;21;18;29;68;19;76.00;Feline.jpg;4.00;0.00;6.00;3.00;3.00;4.00;1.00;1.00;3.00;2.00;1.00;1.00;1.00;2.00;1.00;4;#NULL!;administratief medewerker;schuldhulp verlener;4.00;#NULL!;3;5;8;-2;0.32950;0.93680;0.78780;0.09990;-0.396;0.648;0.461;-0.622;2;2;2;3;3
364;0.21;0.47;0.16;0.11;-0.40;0.12;33.63;41.99;3;0;19.33;1;2.80;55.13;2;2;3;2;0;3;1;1;11.00;12.00;16.00;21.00;22;18;32;72;12;91.00;Lynn.jpg;4.00;4.00;4.00;5.00;4.00;5.00;6.00;2.00;2.00;2.00;1.00;0.00;0.00;1.00;0.00;4;#NULL!;distributeur;vrachtwagenchauffeur;4.00;#NULL!;5;0;5;5;0.75490;0.07230;0.22310;0.93590;0.489;-0.783;-0.550;0.756;2;2;2;4;0
365;0.11;1.00;0.11;0.10;0.97;0.10;16.62;6.76;3;0;19.30;2;3.60;45.13;1;2;4;2;0;2;0;1;10.00;12.00;16.00;21.00;23;24;34;81;21;85.00;Lynn.jpg;7.00;4.00;2.00;5.00;1.00;8.00;0.00;1.00;1.00;2.00;2.00;0.00;5.00;2.00;3.00;4;#NULL!;Verpleegkundige;Manager;4.00;#NULL!;2;6;8;-4;0.14540;0.97840;0.77100;0.02130;-0.839;0.934;0.461;-1.015;5;5;5;2;1
366;0.37;0.44;0.12;0.38;1.00;0.13;23.20;19.14;3;1;20.48;1;2.60;65.13;2;2;3;2;1;3;1;2;11.00;14.00;17.00;23.00;23;18;29;70;22;94.00;Marvin.jpg;9.00;7.00;5.00;4.00;7.00;6.00;7.00;1.00;1.00;1.00;4.00;3.00;5.00;3.00;5.00;4;#NULL!;Tekstschrijfster;Kunstenaar/Grafisch ontwerper;4.00;#NULL!;3;2;5;1;0.27840;0.30030;0.16070;0.46630;-0.396;-0.211;-0.550;-0.031;2;2;2;0;0
367;0.50;0.27;0.47;0.55;-0.09;0.66;87.31;99.91;3;1;20.14;2;3.50;65.38;1;2;3;2;2;1;0;2;9.00;12.00;14.00;14.00;25;20;30;75;21;115.00;Rutger.jpg;6.00;6.00;0.00;1.00;0.00;4.00;0.00;2.00;2.00;2.00;5.00;5.00;5.00;3.00;5.00;4;#NULL!;;Aannemer;4.00;#NULL!;1;2;3;-1;0.04170;0.32300;0.02910;0.21080;-1.282;-0.211;-1.224;-0.425;3;3;3;1;1
368;0.62;0.65;0.51;0.74;0.71;0.65;67.33;66.09;3;0;18.45;1;3.00;48.25;2;2;4;3;1;2;0;2;12.00;11.00;16.00;18.00;23;17;30;70;21;94.00;Iris.jpg;8.00;3.00;6.00;7.00;6.00;9.00;3.00;3.00;1.00;2.00;4.00;3.00;2.00;3.00;4.00;4;#NULL!;slager;slager;4.00;#NULL!;5;0;5;5;0.75490;0.07780;0.23200;0.93400;0.489;-0.783;-0.550;0.756;2;2;2;3;0
302;0.80;0.22;0.65;0.83;0.11;0.67;57.27;54.49;4;1;22.24;1;3.10;58.00;2;1;3;1;2;4;1;2;13.00;11.00;19.00;18.00;19;19;23;61;23;#NULL!;47M_24.bmp;6.00;6.00;0.00;8.00;6.00;3.00;0.00;2.00;2.00;2.00;4.00;5.00;5.00;2.00;6.00;4;#NULL!;;;3.00;#NULL!;2;3;5;-1;0.11480;0.76530;0.28060;0.09850;-0.959;0.418;-0.559;-0.872;2;2;2;1;0
303;0.56;0.06;0.37;0.60;-0.13;0.34;60.49;49.02;4;1;22.70;2;3.80;69.00;2;2;3;2;3;2;2;2;15.00;13.00;17.00;14.00;24;15;24;63;21;#NULL!;45M_24.bmp;9.00;5.00;1.00;2.00;4.00;2.00;1.00;2.00;1.00;3.00;5.00;5.00;7.00;3.00;6.00;5;#NULL!;accountant;directeur,   bouw en verf advies centrum.;3.00;#NULL!;3;1;4;2;0.26970;0.23030;0.13500;0.48160;-0.533;-0.585;-0.953;-0.024;2;2;2;3;0
320;0.56;-0.16;0.35;0.55;-0.26;0.25;56.71;39.10;4;0;21.03;1;4.00;50.63;2;2;2;2;1;1;0;1;9.00;10.00;13.00;15.00;23;17;31;71;21;#NULL!;52V_20.bmp;2.00;2.00;0.00;5.00;5.00;5.00;0.00;2.00;2.00;1.00;5.00;5.00;5.00;1.00;5.00;4;#NULL!;;;3.00;#NULL!;3;2;5;1;0.26240;0.45740;0.24130;0.34790;-0.533;-0.084;-0.559;-0.306;2;2;2;3;0
325;0.57;0.64;0.17;0.56;0.67;0.35;23.71;51.00;4;1;24.00;2;#NULL!;#NULL!;#NULL!;#NULL!;#NULL!;#NULL!;#NULL!;#NULL!;#NULL!;#NULL!;#NULL!;#NULL!;#NULL!;#NULL!;9;18;72;99;#NULL!;#NULL!;ut.jpg;8.00;8.00;0.00;6.00;8.00;3.00;4.00;1.00;2.00;3.00;4.00;4.00;7.00;1.00;4.00;#NULL!;#NULL!;;;#NULL!;#NULL!;#NULL!;#NULL!;#NULL!;#NULL!;#NULL!;#NULL!;#NULL!;#NULL!;#NULL!;#NULL!;#NULL!;#NULL!;#NULL!;#NULL!;#NULL!;#NULL!;#NULL!
335;0.73;0.36;0.60;0.76;0.33;0.56;63.67;55.33;4;0;21.00;2;#NULL!;#NULL!;#NULL!;#NULL!;#NULL!;#NULL!;#NULL!;#NULL!;#NULL!;#NULL!;#NULL!;#NULL!;#NULL!;#NULL!;9;18;72;99;#NULL!;#NULL!;Hester.jpg;8.00;1.00;2.00;8.00;7.00;8.00;2.00;2.00;2.00;2.00;0.00;1.00;5.00;3.00;2.00;#NULL!;#NULL!;;;#NULL!;#NULL!;#NULL!;#NULL!;#NULL!;#NULL!;#NULL!;#NULL!;#NULL!;#NULL!;#NULL!;#NULL!;#NULL!;#NULL!;#NULL!;#NULL!;#NULL!;#NULL!;#NULL!
336;0.38;0.98;0.17;0.36;1.00;0.16;26.57;25.21;4;0;22.00;1;#NULL!;#NULL!;#NULL!;#NULL!;#NULL!;#NULL!;#NULL!;#NULL!;#NULL!;#NULL!;#NULL!;#NULL!;#NULL!;#NULL!;9;18;72;99;#NULL!;#NULL!;Fio.jpg;6.00;6.00;5.00;2.00;7.00;2.00;3.00;1.00;2.00;1.00;3.00;3.00;6.00;2.00;3.00;#NULL!;#NULL!;;;#NULL!;#NULL!;#NULL!;#NULL!;#NULL!;#NULL!;#NULL!;#NULL!;#NULL!;#NULL!;#NULL!;#NULL!;#NULL!;#NULL!;#NULL!;#NULL!;#NULL!;#NULL!;#NULL!
337;0.57;0.00;0.23;0.48;-0.38;0.18;36.32;34.76;4;0;22.00;2;#NULL!;#NULL!;#NULL!;#NULL!;#NULL!;#NULL!;#NULL!;#NULL!;#NULL!;#NULL!;#NULL!;#NULL!;#NULL!;#NULL!;9;18;72;99;#NULL!;#NULL!;62V_24.bmp;7.00;7.00;0.00;2.00;4.00;9.00;0.00;2.00;1.00;2.00;0.00;2.00;5.00;3.00;3.00;#NULL!;#NULL!;;;#NULL!;#NULL!;#NULL!;#NULL!;#NULL!;#NULL!;#NULL!;#NULL!;#NULL!;#NULL!;#NULL!;#NULL!;#NULL!;#NULL!;#NULL!;#NULL!;#NULL!;#NULL!;#NULL!
339;0.77;0.33;0.35;0.65;0.24;0.27;32.11;36.08;4;0;21.00;2;#NULL!;#NULL!;#NULL!;#NULL!;#NULL!;#NULL!;#NULL!;#NULL!;#NULL!;#NULL!;#NULL!;#NULL!;#NULL!;#NULL!;9;18;72;99;#NULL!;#NULL!;73V_23.bmp;7.00;5.00;1.00;8.00;8.00;8.00;4.00;2.00;2.00;2.00;1.00;2.00;2.00;3.00;2.00;#NULL!;#NULL!;;;#NULL!;#NULL!;#NULL!;#NULL!;#NULL!;#NULL!;#NULL!;#NULL!;#NULL!;#NULL!;#NULL!;#NULL!;#NULL!;#NULL!;#NULL!;#NULL!;#NULL!;#NULL!;#NULL!
350;0.93;0.27;0.10;0.98;0.33;0.10;1.69;7.09;4;1;23.00;1;#NULL!;#NULL!;#NULL!;#NULL!;#NULL!;#NULL!;#NULL!;#NULL!;#NULL!;#NULL!;#NULL!;#NULL!;#NULL!;#NULL!;9;18;72;99;#NULL!;#NULL!;42M_22.bmp;7.00;3.00;1.00;6.00;4.00;9.00;0.00;2.00;2.00;2.00;1.00;1.00;7.00;3.00;2.00;#NULL!;#NULL!;;;#NULL!;#NULL!;#NULL!;#NULL!;#NULL!;#NULL!;#NULL!;#NULL!;#NULL!;#NULL!;#NULL!;#NULL!;#NULL!;#NULL!;#NULL!;#NULL!;#NULL!;#NULL!;#NULL!
354;0.70;0.46;0.39;0.68;0.43;0.36;42.44;42.43;4;1;22.42;1;3.70;77.13;2;2;2;1;2;2;2;1;13.00;13.00;17.00;9.00;29;17;36;82;16;#NULL!;59M_25.bmp;5.00;3.00;0.00;7.00;8.00;7.00;0.00;1.00;2.00;1.00;1.00;2.00;5.00;3.00;2.00;4;#NULL!;personal trainer;projectmanager;4.00;#NULL!;1;5;6;-4;0.03170;0.90570;0.31320;0.02260;-1.282;0.648;-0.213;-1.015;5;2;5;0;0
401;0.49;0.66;0.45;0.66;0.97;0.57;76.88;62.42;4;0;23.01;2;3.30;49.38;2;2;3;2;1;2;0;2;11.00;10.00;15.00;21.00;22;20;28;70;23;#NULL!;48V_21.bmp;6.00;6.00;3.00;3.00;5.00;5.00;3.00;1.00;2.00;2.00;4.00;5.00;6.00;1.00;5.00;#NULL!;7;schoonmaakster;administratief medewerker;#NULL!;#NULL!;#NULL!;#NULL!;#NULL!;#NULL!;#NULL!;#NULL!;#NULL!;#NULL!;#NULL!;#NULL!;#NULL!;#NULL!;#NULL!;#NULL!;#NULL!;#NULL!;#NULL!
404;0.67;0.79;0.53;0.90;0.95;0.53;59.78;35.71;4;1;23.32;1;1.80;46.13;2;2;4;2;1;3;1;2;11.00;11.00;14.00;17.00;21;16;24;61;22;#NULL!;40M_23.bmp;8.00;2.00;3.00;7.00;7.00;4.00;1.00;1.00;1.00;1.00;3.00;3.00;6.00;2.00;4.00;#NULL!;3;Bejaardeverzorger;;#NULL!;#NULL!;#NULL!;#NULL!;#NULL!;#NULL!;#NULL!;#NULL!;#NULL!;#NULL!;#NULL!;#NULL!;#NULL!;#NULL!;#NULL!;#NULL!;#NULL!;#NULL!;#NULL!
405;0.94;0.39;1.00;1.18;0.57;1.05;64.12;36.87;4;0;23.30;2;2.60;53.25;3;4;4;3;2;1;1;3;7.00;12.00;17.00;22.00;23;17;24;64;25;#NULL!;35V_22.bmp;6.00;4.00;2.00;8.00;0.00;3.00;3.00;2.00;1.00;2.00;4.00;5.00;5.00;2.00;5.00;#NULL!;2;huisvrouw;vrachtwagenchauffeur;#NULL!;#NULL!;#NULL!;#NULL!;#NULL!;#NULL!;#NULL!;#NULL!;#NULL!;#NULL!;#NULL!;#NULL!;#NULL!;#NULL!;#NULL!;#NULL!;#NULL!;#NULL!;#NULL!
407;1.20;0.39;0.88;1.02;0.45;0.61;26.58;29.87;4;0;21.49;2;3.60;60.00;1;1;1;0;1;3;1;1;13.00;13.00;19.00;20.00;22;13;25;60;22;#NULL!;35V_22.bmp;8.00;0.00;0.00;9.00;5.00;9.00;0.00;2.00;2.00;2.00;2.00;3.00;5.00;1.00;2.00;#NULL!;3;psychosomatisch oefentherapeut;ambtenaar;#NULL!;#NULL!;#NULL!;#NULL!;#NULL!;#NULL!;#NULL!;#NULL!;#NULL!;#NULL!;#NULL!;#NULL!;#NULL!;#NULL!;#NULL!;#NULL!;#NULL!;#NULL!;#NULL!
408;0.88;0.30;0.50;0.92;0.33;0.67;35.18;44.04;4;0;21.24;1;3.70;57.13;2;2;3;0;2;3;1;2;11.00;12.00;17.00;19.00;21;16;27;64;22;#NULL!;48V_21.bmp;8.00;6.00;4.00;4.00;7.00;8.00;3.00;1.00;1.00;1.00;6.00;7.00;7.00;2.00;7.00;#NULL!;3;Docent Frans;Senior plan-beoordelaar;#NULL!;#NULL!;#NULL!;#NULL!;#NULL!;#NULL!;#NULL!;#NULL!;#NULL!;#NULL!;#NULL!;#NULL!;#NULL!;#NULL!;#NULL!;#NULL!;#NULL!;#NULL!;#NULL!
409;0.53;0.55;0.27;0.47;1.00;0.31;43.02;46.42;4;0;22.46;2;3.70;27.88;3;3;4;2;1;0;0;1;10.00;11.00;17.00;26.00;15;13;23;51;23;#NULL!;44V_25.bmp;8.00;7.00;3.00;9.00;8.00;9.00;3.00;1.00;1.00;2.00;7.00;5.00;6.00;3.00;6.00;#NULL!;7;;;#NULL!;#NULL!;#NULL!;#NULL!;#NULL!;#NULL!;#NULL!;#NULL!;#NULL!;#NULL!;#NULL!;#NULL!;#NULL!;#NULL!;#NULL!;#NULL!;#NULL!;#NULL!;#NULL!
410;0.38;0.67;0.23;0.40;1.00;0.13;42.41;19.97;4;1;23.35;1;2.60;35.75;2;3;3;2;1;0;1;1;15.00;11.00;15.00;16.00;15;15;17;47;18;#NULL!;25M_25.bmp;7.00;5.00;4.00;4.00;8.00;4.00;0.00;1.00;2.00;1.00;5.00;2.00;5.00;3.00;5.00;#NULL!;4;;laser;#NULL!;#NULL!;#NULL!;#NULL!;#NULL!;#NULL!;#NULL!;#NULL!;#NULL!;#NULL!;#NULL!;#NULL!;#NULL!;#NULL!;#NULL!;#NULL!;#NULL!;#NULL!;#NULL!
411;0.65;0.54;0.45;0.53;0.32;0.35;58.96;60.04;4;0;21.23;2;3.80;37.25;2;2;3;2;1;0;0;1;11.00;10.00;15.00;22.00;15;14;20;49;23;#NULL!;52V_20.bmp;7.00;8.00;0.00;7.00;7.00;7.00;5.00;1.00;2.00;2.00;5.00;4.00;4.00;1.00;4.00;#NULL!;3;;Facalitair manager school;#NULL!;#NULL!;#NULL!;#NULL!;#NULL!;#NULL!;#NULL!;#NULL!;#NULL!;#NULL!;#NULL!;#NULL!;#NULL!;#NULL!;#NULL!;#NULL!;#NULL!;#NULL!;#NULL!
412;0.41;1.00;0.19;0.39;1.00;0.11;28.40;15.81;4;0;21.65;1;1.80;62.00;2;2;3;2;1;2;1;2;12.00;13.00;19.00;16.00;27;19;30;76;16;#NULL!;48V_21.bmp;6.00;2.00;1.00;1.00;6.00;1.00;0.00;1.00;2.00;1.00;4.00;3.00;5.00;2.00;6.00;#NULL!;4;Medicijnen, gebruikzaamwijzingen, opmaken, goedkeuren;Duits docent, adjunct directeur school;#NULL!;#NULL!;#NULL!;#NULL!;#NULL!;#NULL!;#NULL!;#NULL!;#NULL!;#NULL!;#NULL!;#NULL!;#NULL!;#NULL!;#NULL!;#NULL!;#NULL!;#NULL!;#NULL!
413;1.57;0.67;1.61;1.43;0.60;1.57;25.74;33.37;4;0;21.01;2;3.00;28.75;2;2;3;2;0;1;0;1;12.00;10.00;17.00;28.00;16;16;24;56;27;#NULL!;52V_20.bmp;7.00;7.00;1.00;7.00;3.00;3.00;0.00;1.00;1.00;1.00;4.00;4.00;2.00;1.00;4.00;#NULL!;3;bureaufunctie bij de politie;werkt bij de NAVO;#NULL!;#NULL!;#NULL!;#NULL!;#NULL!;#NULL!;#NULL!;#NULL!;#NULL!;#NULL!;#NULL!;#NULL!;#NULL!;#NULL!;#NULL!;#NULL!;#NULL!;#NULL!;#NULL!
414;0.55;0.31;0.18;0.62;0.49;0.13;27.47;20.65;4;0;25.08;1;3.80;33.00;2;2;4;2;1;4;1;2;15.00;10.00;19.00;20.00;18;12;22;52;24;#NULL!;73V_23.bmp;9.00;7.00;3.00;3.00;4.00;3.00;0.00;2.00;2.00;2.00;4.00;4.00;4.00;1.00;3.00;#NULL!;8;Supervisor Service Air;Manager ski-chalet;#NULL!;#NULL!;#NULL!;#NULL!;#NULL!;#NULL!;#NULL!;#NULL!;#NULL!;#NULL!;#NULL!;#NULL!;#NULL!;#NULL!;#NULL!;#NULL!;#NULL!;#NULL!;#NULL!
415;0.17;0.96;0.10;0.22;0.95;0.10;14.03;10.02;4;0;24.77;2;2.80;58.63;2;1;3;1;1;3;1;2;9.00;14.00;19.00;24.00;25;25;24;74;20;#NULL!;51V_22.bmp;9.00;6.00;6.00;9.00;9.00;9.00;0.00;2.00;2.00;2.00;5.00;6.00;6.00;1.00;8.00;#NULL!;7;verzekeraar;verzekeraar;#NULL!;#NULL!;#NULL!;#NULL!;#NULL!;#NULL!;#NULL!;#NULL!;#NULL!;#NULL!;#NULL!;#NULL!;#NULL!;#NULL!;#NULL!;#NULL!;#NULL!;#NULL!;#NULL!
416;0.59;0.81;0.13;0.61;0.88;0.14;15.85;16.02;4;1;25.40;1;3.30;31.75;1;2;3;1;2;2;2;2;12.00;14.00;20.00;25.00;19;12;15;46;23;#NULL!;31M_21.bmp;8.00;8.00;3.00;9.00;9.00;8.00;0.00;1.00;1.00;1.00;3.00;3.00;4.00;2.00;4.00;#NULL!;7;Advocaat;Bioloog;#NULL!;#NULL!;#NULL!;#NULL!;#NULL!;#NULL!;#NULL!;#NULL!;#NULL!;#NULL!;#NULL!;#NULL!;#NULL!;#NULL!;#NULL!;#NULL!;#NULL!;#NULL!;#NULL!
417;0.56;0.41;0.30;0.55;0.46;0.42;46.93;68.35;4;0;25.36;2;2.50;59.38;2;2;3;3;1;0;1;2;11.00;10.00;17.00;25.00;22;18;26;66;21;#NULL!;18V_24.bmp;7.00;9.00;0.00;9.00;8.00;7.00;3.00;2.00;1.00;2.00;2.00;5.00;5.00;1.00;4.00;#NULL!;7;huisvrouw;bouwvakker;#NULL!;#NULL!;#NULL!;#NULL!;#NULL!;#NULL!;#NULL!;#NULL!;#NULL!;#NULL!;#NULL!;#NULL!;#NULL!;#NULL!;#NULL!;#NULL!;#NULL!;#NULL!;#NULL!
418;0.34;0.08;0.14;0.31;1.00;0.10;41.79;11.45;4;0;21.20;1;3.10;41.88;3;3;4;2;1;1;0;2;15.00;14.00;19.00;28.00;18;17;20;55;30;#NULL!;72V_21.bmp;8.00;2.00;3.00;2.00;8.00;3.00;2.00;1.00;1.00;1.00;4.00;2.00;6.00;2.00;5.00;#NULL!;3;Logopediste;Medical Researcher bij Philips;#NULL!;#NULL!;#NULL!;#NULL!;#NULL!;#NULL!;#NULL!;#NULL!;#NULL!;#NULL!;#NULL!;#NULL!;#NULL!;#NULL!;#NULL!;#NULL!;#NULL!;#NULL!;#NULL!
419;0.94;0.69;0.37;0.91;0.62;0.50;23.02;34.10;4;0;25.63;2;3.60;65.00;2;2;3;2;1;4;1;2;15.00;13.00;20.00;14.00;21;10;20;51;25;#NULL!;48V_21.bmp;5.00;0.00;0.00;0.00;7.00;9.00;2.00;2.00;2.00;2.00;3.00;4.00;3.00;1.00;3.00;#NULL!;7;leerkracht;hoofd afdeling - financien;#NULL!;#NULL!;#NULL!;#NULL!;#NULL!;#NULL!;#NULL!;#NULL!;#NULL!;#NULL!;#NULL!;#NULL!;#NULL!;#NULL!;#NULL!;#NULL!;#NULL!;#NULL!;#NULL!
420;0.46;0.01;0.52;0.69;0.26;0.79;102.25;88.12;4;1;23.30;1;3.20;75.50;1;2;2;2;2;3;3;2;13.00;11.00;18.00;19.00;21;16;24;61;22;#NULL!;60M_27.bmp;4.00;0.00;9.00;9.00;0.00;0.00;0.00;1.00;1.00;1.00;0.00;4.00;0.00;1.00;0.00;#NULL!;4;gevangenisbewaarder;zelfstandig ondernemer;#NULL!;#NULL!;#NULL!;#NULL!;#NULL!;#NULL!;#NULL!;#NULL!;#NULL!;#NULL!;#NULL!;#NULL!;#NULL!;#NULL!;#NULL!;#NULL!;#NULL!;#NULL!;#NULL!
421;0.61;0.32;0.60;0.87;0.39;0.69;82.48;53.16;4;0;22.20;2;3.70;60.38;2;3;4;3;1;3;1;1;12.00;14.00;17.00;19.00;18;15;24;57;18;#NULL!;35V_22.bmp;9.00;8.00;3.00;3.00;3.00;3.00;1.00;2.00;2.00;1.00;5.00;4.00;7.00;2.00;5.00;#NULL!;4;;vrachtwagenmonteur;#NULL!;#NULL!;#NULL!;#NULL!;#NULL!;#NULL!;#NULL!;#NULL!;#NULL!;#NULL!;#NULL!;#NULL!;#NULL!;#NULL!;#NULL!;#NULL!;#NULL!;#NULL!;#NULL!
422;0.33;0.64;0.19;0.37;0.66;0.22;37.11;40.78;4;0;21.67;1;3.30;28.25;2;2;4;2;1;2;1;2;12.00;11.00;18.00;21.00;19;18;27;64;28;#NULL!;51V_22.bmp;9.00;7.00;1.00;6.00;9.00;9.00;0.00;2.00;2.00;2.00;2.00;3.00;5.00;2.00;3.00;#NULL!;3;Manager Business Unit Snijdend in een ziekenhuis;Docent Engels op een middelbare school;#NULL!;#NULL!;#NULL!;#NULL!;#NULL!;#NULL!;#NULL!;#NULL!;#NULL!;#NULL!;#NULL!;#NULL!;#NULL!;#NULL!;#NULL!;#NULL!;#NULL!;#NULL!;#NULL!
423;0.43;0.66;0.19;0.39;0.67;0.18;33.16;31.74;4;0;21.37;2;3.30;34.13;2;2;4;2;1;3;1;2;16.00;8.00;18.00;24.00;17;17;18;52;16;#NULL!;52V_20.bmp;7.00;6.00;6.00;7.00;8.00;8.00;4.00;1.00;1.00;2.00;3.00;2.00;3.00;1.00;3.00;#NULL!;3;pedicure;financieel planner;#NULL!;#NULL!;#NULL!;#NULL!;#NULL!;#NULL!;#NULL!;#NULL!;#NULL!;#NULL!;#NULL!;#NULL!;#NULL!;#NULL!;#NULL!;#NULL!;#NULL!;#NULL!;#NULL!
424;0.56;0.66;0.44;0.55;0.44;0.30;65.88;47.66;4;0;21.83;1;3.30;74.88;2;3;4;2;1;2;1;3;10.00;13.00;18.00;17.00;30;25;27;82;27;#NULL!;48V_21.bmp;7.00;4.00;2.00;8.00;8.00;8.00;2.00;2.00;3.00;1.00;2.00;3.00;6.00;3.00;4.00;#NULL!;3;Geriatrisch verpleegkunde;Manager in de forensische zorg;#NULL!;#NULL!;#NULL!;#NULL!;#NULL!;#NULL!;#NULL!;#NULL!;#NULL!;#NULL!;#NULL!;#NULL!;#NULL!;#NULL!;#NULL!;#NULL!;#NULL!;#NULL!;#NULL!
425;0.47;0.80;0.31;0.45;0.82;0.28;49.12;46.59;4;0;21.32;2;2.60;15.13;3;3;4;2;1;1;0;2;10.00;10.00;15.00;28.00;18;14;24;56;24;#NULL!;35V_22.bmp;7.00;3.00;2.00;7.00;8.00;8.00;2.00;1.00;1.00;2.00;2.00;3.00;6.00;3.00;3.00;#NULL!;3;Basisschooljuf;Orthopedagoog;#NULL!;#NULL!;#NULL!;#NULL!;#NULL!;#NULL!;#NULL!;#NULL!;#NULL!;#NULL!;#NULL!;#NULL!;#NULL!;#NULL!;#NULL!;#NULL!;#NULL!;#NULL!;#NULL!
427;0.37;-0.10;0.31;0.39;-0.01;0.20;82.43;49.24;4;0;21.54;2;2.90;16.00;1;2;4;3;1;3;1;1;10.00;12.00;19.00;23.00;20;14;20;54;21;#NULL!;18V_24.bmp;6.00;5.00;2.00;6.00;8.00;6.00;2.00;3.00;2.00;2.00;1.00;1.00;5.00;3.00;3.00;#NULL!;3;Intern Begeleider Basisschool;Eigen bedrijf;#NULL!;#NULL!;#NULL!;#NULL!;#NULL!;#NULL!;#NULL!;#NULL!;#NULL!;#NULL!;#NULL!;#NULL!;#NULL!;#NULL!;#NULL!;#NULL!;#NULL!;#NULL!;#NULL!
429;0.36;1.00;0.10;0.36;1.00;0.10;6.47;6.47;4;0;22.63;2;3.80;64.88;2;3;4;2;1;1;1;2;14.00;11.00;20.00;22.00;17;19;20;56;27;#NULL!;48V_21.bmp;9.00;6.00;0.00;6.00;9.00;9.00;0.00;1.00;1.00;1.00;6.00;3.00;5.00;3.00;7.00;#NULL!;3;Docent middelbare school;Engineer;#NULL!;#NULL!;#NULL!;#NULL!;#NULL!;#NULL!;#NULL!;#NULL!;#NULL!;#NULL!;#NULL!;#NULL!;#NULL!;#NULL!;#NULL!;#NULL!;#NULL!;#NULL!;#NULL!
430;0.65;0.36;0.20;0.70;0.57;0.24;26.42;26.10;4;0;21.61;1;2.90;41.13;3;2;3;2;0;2;1;2;11.00;13.00;19.00;20.00;24;18;24;66;27;#NULL!;18V_24.bmp;6.00;6.00;3.00;5.00;9.00;9.00;1.00;2.00;2.00;2.00;1.00;2.00;7.00;2.00;7.00;#NULL!;7;Boekhouder;IT-medewerker;#NULL!;#NULL!;#NULL!;#NULL!;#NULL!;#NULL!;#NULL!;#NULL!;#NULL!;#NULL!;#NULL!;#NULL!;#NULL!;#NULL!;#NULL!;#NULL!;#NULL!;#NULL!;#NULL!
431;0.33;0.27;0.41;0.28;0.42;0.13;100.97;25.22;4;0;22.93;2;3.00;49.75;2;3;3;2;1;1;0;1;12.00;12.00;19.00;21.00;20;21;27;68;22;#NULL!;62V_24.bmp;7.00;3.00;2.00;0.00;8.00;7.00;0.00;1.00;1.00;1.00;1.00;3.00;1.00;2.00;4.00;#NULL!;3;schoonheidsspecialist;taxi chauffeur;#NULL!;#NULL!;#NULL!;#NULL!;#NULL!;#NULL!;#NULL!;#NULL!;#NULL!;#NULL!;#NULL!;#NULL!;#NULL!;#NULL!;#NULL!;#NULL!;#NULL!;#NULL!;#NULL!
432;0.42;1.00;0.12;0.45;1.00;0.18;17.70;26.07;4;0;21.93;1;3.70;52.25;2;1;3;1;1;4;1;3;14.00;15.00;19.00;21.00;25;21;31;77;22;#NULL!;48V_21.bmp;7.00;7.00;6.00;0.00;8.00;0.00;2.00;1.00;1.00;1.00;0.00;2.00;7.00;2.00;4.00;#NULL!;2;werk in cruise-schepen;werk in de toerisme;#NULL!;#NULL!;#NULL!;#NULL!;#NULL!;#NULL!;#NULL!;#NULL!;#NULL!;#NULL!;#NULL!;#NULL!;#NULL!;#NULL!;#NULL!;#NULL!;#NULL!;#NULL!;#NULL!
434;0.92;0.31;0.62;0.87;0.24;0.85;40.46;63.24;4;0;21.78;1;2.80;44.38;2;1;3;3;1;3;0;2;14.00;11.00;17.00;21.00;21;16;29;66;25;#NULL!;48V_21.bmp;5.00;5.00;3.00;8.00;5.00;7.00;2.00;2.00;2.00;2.00;8.00;4.00;7.00;2.00;6.00;#NULL!;3;leerplichtamtenaar;personeelsadviseur;#NULL!;#NULL!;#NULL!;#NULL!;#NULL!;#NULL!;#NULL!;#NULL!;#NULL!;#NULL!;#NULL!;#NULL!;#NULL!;#NULL!;#NULL!;#NULL!;#NULL!;#NULL!;#NULL!
435;0.66;0.51;0.42;0.67;0.36;0.35;53.61;42.67;4;1;22.91;2;3.10;62.13;2;2;4;1;1;2;0;2;12.00;12.00;15.00;17.00;22;16;26;64;22;#NULL!;25M_25.bmp;7.00;3.00;2.00;6.00;7.00;7.00;0.00;2.00;2.00;2.00;3.00;6.00;5.00;2.00;4.00;#NULL!;3;;;#NULL!;#NULL!;#NULL!;#NULL!;#NULL!;#NULL!;#NULL!;#NULL!;#NULL!;#NULL!;#NULL!;#NULL!;#NULL!;#NULL!;#NULL!;#NULL!;#NULL!;#NULL!;#NULL!
436;0.39;0.17;0.36;0.34;0.15;0.25;87.73;69.49;4;0;21.57;1;3.20;35.75;1;3;3;3;2;1;1;2;10.00;11.00;17.00;26.00;20;16;21;57;23;#NULL!;73V_23.bmp;8.00;5.00;5.00;6.00;7.00;3.00;2.00;1.00;2.00;2.00;3.00;4.00;7.00;3.00;7.00;#NULL!;3;RA manager bij een farmaceutisch bedrijf;IT manager in innovatie in de psychische zorg.;#NULL!;#NULL!;#NULL!;#NULL!;#NULL!;#NULL!;#NULL!;#NULL!;#NULL!;#NULL!;#NULL!;#NULL!;#NULL!;#NULL!;#NULL!;#NULL!;#NULL!;#NULL!;#NULL!
438;0.76;0.41;0.64;0.76;0.58;0.75;63.08;72.93;4;0;21.16;1;3.50;83.13;1;3;3;2;2;2;2;2;12.00;15.00;19.00;13.00;28;25;30;83;21;#NULL!;72V_21.bmp;7.00;6.00;1.00;7.00;1.00;4.00;1.00;2.00;2.00;2.00;2.00;4.00;6.00;2.00;3.00;#NULL!;3;Verpleegkundige;Financieel directeur;#NULL!;#NULL!;#NULL!;#NULL!;#NULL!;#NULL!;#NULL!;#NULL!;#NULL!;#NULL!;#NULL!;#NULL!;#NULL!;#NULL!;#NULL!;#NULL!;#NULL!;#NULL!;#NULL!
439;0.50;0.83;0.21;0.58;0.90;0.22;29.29;26.64;4;1;24.32;2;2.90;26.88;1;3;3;3;1;0;0;2;11.00;9.00;19.00;28.00;20;18;19;57;22;#NULL!;42M_22.bmp;8.00;8.00;3.00;2.00;9.00;7.00;2.00;1.00;1.00;2.00;2.00;3.00;5.00;1.00;2.00;#NULL!;7;Directiesecretaresse;ZZP'er;#NULL!;#NULL!;#NULL!;#NULL!;#NULL!;#NULL!;#NULL!;#NULL!;#NULL!;#NULL!;#NULL!;#NULL!;#NULL!;#NULL!;#NULL!;#NULL!;#NULL!;#NULL!;#NULL!
440;0.56;0.58;0.29;0.56;0.49;0.31;43.92;48.06;4;1;21.93;1;2.50;36.88;3;3;4;3;1;1;0;1;10.00;10.00;10.00;14.00;20;15;20;55;27;#NULL!;39M_25.bmp;8.00;6.00;5.00;8.00;6.00;8.00;2.00;1.00;1.00;1.00;1.00;3.00;4.00;2.00;3.00;#NULL!;2;Ambtenaar;Wijkagent;#NULL!;#NULL!;#NULL!;#NULL!;#NULL!;#NULL!;#NULL!;#NULL!;#NULL!;#NULL!;#NULL!;#NULL!;#NULL!;#NULL!;#NULL!;#NULL!;#NULL!;#NULL!;#NULL!
441;0.43;0.37;0.18;0.39;0.39;0.25;38.31;57.29;4;1;21.50;2;2.30;62.75;2;2;2;2;0;2;1;1;11.00;13.00;18.00;21.00;25;17;32;74;21;#NULL!;45M_24.bmp;4.00;5.00;3.00;6.00;2.00;5.00;1.00;1.00;1.00;1.00;3.00;4.00;5.00;3.00;3.00;#NULL!;3;Endoscopie verpleegkundige;Predikant;#NULL!;#NULL!;#NULL!;#NULL!;#NULL!;#NULL!;#NULL!;#NULL!;#NULL!;#NULL!;#NULL!;#NULL!;#NULL!;#NULL!;#NULL!;#NULL!;#NULL!;#NULL!;#NULL!
442;0.42;1.00;0.19;0.42;0.65;0.26;28.90;47.49;4;1;22.92;1;2.60;26.50;3;2;3;3;1;2;1;1;9.00;12.00;17.00;24.00;24;21;29;74;21;#NULL!;39M_25.bmp;6.00;2.00;5.00;9.00;9.00;8.00;0.00;1.00;2.00;1.00;4.00;5.00;6.00;2.00;4.00;#NULL!;3;Leerkracht Basisonderwijs groep 8;Bovenbouw cošrdinator VWO in Amsterdam;#NULL!;#NULL!;#NULL!;#NULL!;#NULL!;#NULL!;#NULL!;#NULL!;#NULL!;#NULL!;#NULL!;#NULL!;#NULL!;#NULL!;#NULL!;#NULL!;#NULL!;#NULL!;#NULL!
443;0.67;0.35;0.51;0.89;0.63;0.58;61.68;41.25;4;1;21.76;2;3.20;50.75;2;2;3;2;1;2;1;2;12.00;12.00;16.00;22.00;24;19;29;72;23;#NULL!;42M_22.bmp;8.00;6.00;0.00;8.00;6.00;9.00;2.00;1.00;1.00;1.00;4.00;4.00;6.00;3.00;5.00;#NULL!;2;Keukenassistent;Beveiliger;#NULL!;#NULL!;#NULL!;#NULL!;#NULL!;#NULL!;#NULL!;#NULL!;#NULL!;#NULL!;#NULL!;#NULL!;#NULL!;#NULL!;#NULL!;#NULL!;#NULL!;#NULL!;#NULL!
444;0.58;1.00;0.57;0.43;1.00;0.35;70.57;57.80;4;1;23.23;1;2.80;49.25;3;2;4;2;1;1;0;1;10.00;13.00;15.00;18.00;22;19;27;68;21;#NULL!;39M_25.bmp;8.00;7.00;0.00;5.00;8.00;5.00;3.00;1.00;1.00;1.00;3.00;2.00;6.00;3.00;4.00;#NULL!;4;deeltijd kapper;gemeentehuis medewerker;#NULL!;#NULL!;#NULL!;#NULL!;#NULL!;#NULL!;#NULL!;#NULL!;#NULL!;#NULL!;#NULL!;#NULL!;#NULL!;#NULL!;#NULL!;#NULL!;#NULL!;#NULL!;#NULL!
447;0.88;0.17;0.76;1.05;0.46;0.82;55.70;38.68;4;1;22.11;2;3.20;69.38;1;2;3;2;1;2;0;2;7.00;14.00;16.00;12.00;30;14;31;75;21;#NULL!;31M_21.bmp;7.00;6.00;1.00;0.00;0.00;4.00;0.00;2.00;2.00;2.00;4.00;5.00;5.00;2.00;5.00;#NULL!;3;Maatschappelijk Werker;Risico Manager;#NULL!;#NULL!;#NULL!;#NULL!;#NULL!;#NULL!;#NULL!;#NULL!;#NULL!;#NULL!;#NULL!;#NULL!;#NULL!;#NULL!;#NULL!;#NULL!;#NULL!;#NULL!;#NULL!
448;0.44;0.45;0.23;0.43;0.33;0.23;45.50;49.13;4;0;21.01;1;2.10;37.00;1;2;3;1;1;2;1;2;12.00;11.00;18.00;22.00;19;15;23;57;28;#NULL!;18V_24.bmp;8.00;7.00;5.00;7.00;7.00;9.00;4.00;1.00;1.00;1.00;5.00;5.00;8.00;3.00;6.00;#NULL!;3;Thuiszorg medewerkster;Manager;#NULL!;#NULL!;#NULL!;#NULL!;#NULL!;#NULL!;#NULL!;#NULL!;#NULL!;#NULL!;#NULL!;#NULL!;#NULL!;#NULL!;#NULL!;#NULL!;#NULL!;#NULL!;#NULL!
449;0.69;0.71;0.69;0.88;0.93;0.53;76.72;37.48;4;1;23.62;2;3.00;56.50;2;1;2;1;0;2;0;2;12.00;13.00;18.00;20.00;21;15;28;64;21;#NULL!;59M_25.bmp;9.00;7.00;4.00;8.00;7.00;8.00;0.00;2.00;2.00;2.00;1.00;2.00;3.00;1.00;3.00;#NULL!;3;;Predikant;#NULL!;#NULL!;#NULL!;#NULL!;#NULL!;#NULL!;#NULL!;#NULL!;#NULL!;#NULL!;#NULL!;#NULL!;#NULL!;#NULL!;#NULL!;#NULL!;#NULL!;#NULL!;#NULL!